# Blender 5.1.2
# www.blender.org
mtllib FN_FAL.mtl
o Magazine
v -0.037720 1.275669 0.273713
v -0.037720 1.458366 0.273713
v -0.037720 1.293828 0.183687
v -0.037720 1.458366 0.183687
v 0.008555 1.275669 0.273713
v 0.008555 1.458366 0.273713
v 0.008555 1.293828 0.183687
v 0.008555 1.458366 0.183687
v -0.036325 1.289288 0.206194
v -0.037720 1.284748 0.228700
v -0.036325 1.280209 0.251207
v -0.036325 1.458366 0.251207
v -0.037720 1.458366 0.228700
v -0.036325 1.458366 0.206194
v 0.007160 1.280209 0.251207
v 0.008555 1.284748 0.228700
v 0.007160 1.289288 0.206194
v 0.007160 1.458366 0.206194
v 0.008555 1.458366 0.228700
v 0.007160 1.458366 0.251207
v -0.040683 1.433183 0.422131
v -0.040683 1.500756 0.422131
v -0.040683 1.435750 0.182567
v -0.040683 1.500756 0.169884
v 0.011519 1.433183 0.422131
v 0.011519 1.500756 0.422131
v 0.011519 1.435750 0.182567
v 0.009686 1.503396 0.174147
v -0.040683 1.495749 0.422131
v -0.034902 1.497640 0.169884
v 0.005738 1.497640 0.169884
v 0.011519 1.495749 0.422131
v 0.011519 1.495749 0.458448
v 0.011519 1.433183 0.458448
v -0.040683 1.433183 0.458448
v -0.040683 1.495749 0.458448
v -0.034902 1.468289 0.169884
v 0.005738 1.468289 0.169884
v 0.011519 1.450716 0.422131
v -0.040683 1.450716 0.422131
v 0.011519 1.450716 0.458448
v -0.040683 1.450716 0.458448
v 0.011519 1.450716 0.473476
v 0.011519 1.433183 0.473476
v -0.040683 1.433183 0.473476
v -0.040683 1.450716 0.473476
v -0.040683 1.426992 0.299631
v -0.040683 1.500756 0.299631
v 0.011519 1.426992 0.299631
v 0.011519 1.500756 0.299631
v 0.011519 1.495749 0.299631
v -0.040683 1.495749 0.299631
v -0.040683 1.450716 0.299631
v 0.011519 1.450716 0.299631
v -0.040683 1.500756 0.287612
v 0.011519 1.412045 0.278855
v -0.040683 1.495749 0.287612
v -0.040683 1.450716 0.287612
v -0.040683 1.412045 0.278855
v 0.009686 1.503396 0.264540
v 0.011519 1.495749 0.287612
v 0.011519 1.450716 0.287612
v -0.040683 1.436680 0.291810
v 0.011519 1.500756 0.291810
v 0.011519 1.495749 0.291810
v 0.011519 1.450716 0.291810
v -0.040683 1.500756 0.291810
v 0.011519 1.436680 0.291810
v -0.040683 1.495749 0.291810
v -0.040683 1.450716 0.291810
v -0.005882 1.435750 0.182567
v -0.023283 1.435750 0.182567
v -0.023283 1.525822 0.169884
v -0.004049 1.523182 0.174147
v -0.023283 1.433183 0.422131
v -0.005882 1.433183 0.422131
v -0.005882 1.525822 0.422131
v -0.023283 1.525822 0.422131
v -0.005882 1.520815 0.422131
v -0.023283 1.520815 0.422131
v -0.021277 1.517267 0.169884
v -0.007887 1.517267 0.169884
v -0.023283 1.433183 0.458448
v -0.005882 1.433183 0.458448
v -0.005882 1.520815 0.458448
v -0.023283 1.520815 0.458448
v -0.005882 1.450716 0.458448
v -0.023283 1.450716 0.458448
v -0.023283 1.468289 0.169884
v -0.005882 1.468289 0.169884
v -0.023283 1.433183 0.473476
v -0.005882 1.433183 0.473476
v -0.005882 1.450716 0.473476
v -0.023283 1.450716 0.473476
v -0.023283 1.525822 0.299631
v -0.005882 1.525822 0.299631
v -0.005882 1.426992 0.299631
v -0.023283 1.426992 0.299631
v -0.005882 1.412045 0.278855
v -0.023283 1.412045 0.278855
v -0.023283 1.525822 0.287612
v -0.004049 1.523182 0.258382
v -0.005882 1.436680 0.291810
v -0.023283 1.436680 0.291810
v -0.023283 1.525822 0.291810
v -0.005882 1.525822 0.291810
v -0.005882 1.520815 0.169884
v 0.011519 1.495749 0.169884
v -0.040683 1.495749 0.169884
v -0.040683 1.450716 0.169884
v 0.011519 1.450716 0.169884
v -0.005882 1.450716 0.169884
v -0.023283 1.520815 0.169884
v -0.023283 1.450716 0.169884
v -0.021277 1.517267 0.168715
v -0.023283 1.468289 0.168715
v -0.007887 1.517267 0.168715
v -0.005882 1.468289 0.168715
v 0.005738 1.497640 0.168715
v -0.034902 1.497640 0.168715
v -0.034902 1.468289 0.168715
v 0.005738 1.468289 0.168715
v -0.022491 1.522594 0.168715
v -0.024860 1.464740 0.168715
v -0.006674 1.522594 0.168715
v -0.004305 1.464740 0.168715
v 0.009420 1.499411 0.168715
v -0.038585 1.499411 0.168715
v -0.038585 1.467687 0.168715
v 0.009420 1.467687 0.168715
v -0.022491 1.522594 0.154264
v -0.024860 1.464740 0.154264
v -0.006674 1.522594 0.154264
v -0.004305 1.464740 0.154264
v 0.009420 1.499411 0.154264
v -0.038585 1.499411 0.154264
v -0.038585 1.467687 0.154264
v 0.009420 1.467687 0.154264
v -0.005882 1.525822 0.169884
v 0.011519 1.500756 0.169884
v 0.011519 1.500756 0.287612
v -0.005882 1.525822 0.287612
v -0.011559 1.517969 0.174147
v 0.002176 1.498183 0.174147
v 0.002176 1.498183 0.264540
v -0.011559 1.517969 0.258382
v -0.014582 1.521968 0.137271
v -0.014582 1.521968 0.155288
v -0.010148 1.514287 0.137271
v -0.010148 1.514287 0.155288
v -0.019017 1.514287 0.137271
v -0.019017 1.514287 0.155288
v -0.027340 1.330940 0.453909
v -0.027340 1.343005 0.456295
v -0.035616 1.338478 0.448192
v -0.027340 1.405754 0.407517
v -0.035616 1.404086 0.397202
v -0.035616 1.319222 0.414530
v -0.027340 1.306972 0.412008
v -0.035616 1.398264 0.361198
v -0.027340 1.396695 0.351494
v -0.001824 1.330940 0.453909
v 0.006451 1.338478 0.448192
v -0.001824 1.343005 0.456295
v 0.006451 1.404086 0.397202
v -0.001824 1.405754 0.407517
v 0.006451 1.319222 0.414530
v -0.001824 1.306972 0.412008
v -0.001824 1.396695 0.351494
v 0.006451 1.398264 0.361198
v -0.035616 1.438934 0.406069
v -0.027340 1.439040 0.415979
v -0.027340 1.438316 0.348179
v -0.035616 1.438421 0.357984
v -0.001824 1.439040 0.415979
v 0.006451 1.438934 0.406069
v 0.006451 1.438421 0.357984
v -0.001824 1.438316 0.348179
v -0.017400 1.412992 0.340942
v -0.018812 1.429367 0.339038
v -0.017400 1.412992 0.336990
v -0.018812 1.429367 0.333106
v -0.011764 1.412992 0.340942
v -0.010352 1.429367 0.339038
v -0.011764 1.412992 0.336990
v -0.010352 1.429367 0.333106
v -0.017400 1.397012 0.334695
v -0.017400 1.398775 0.331158
v -0.011764 1.397012 0.334695
v -0.011764 1.398775 0.331158
v -0.022498 1.401941 0.304804
v -0.022498 1.428607 0.310853
v -0.022498 1.401467 0.299123
v -0.022498 1.428607 0.305153
v -0.006667 1.401941 0.304804
v -0.006667 1.428607 0.310853
v -0.006667 1.401467 0.299123
v -0.006667 1.428607 0.305153
v -0.022498 1.389031 0.324108
v -0.022498 1.383424 0.323080
v -0.006667 1.389031 0.324108
v -0.006667 1.383424 0.323080
v -0.022498 1.401606 0.352899
v -0.022498 1.396681 0.355768
v -0.006667 1.401606 0.352899
v -0.006667 1.396681 0.355768
v -0.014582 1.514605 0.133160
v -0.014582 1.514605 0.155652
v 0.007664 1.498443 0.133160
v 0.007664 1.498443 0.155652
v -0.000834 1.472291 0.133160
v -0.000834 1.472291 0.155652
v -0.028331 1.472291 0.133160
v -0.028331 1.472291 0.155652
v -0.036828 1.498443 0.133160
v -0.036828 1.498443 0.155652
v 0.022649 1.475379 0.295232
v 0.022649 1.480720 0.173700
v 0.029605 1.480433 0.295232
v 0.024525 1.482084 0.173700
v 0.026948 1.488611 0.295232
v 0.023809 1.484289 0.173700
v 0.018350 1.488611 0.295232
v 0.021489 1.484289 0.173700
v 0.015693 1.480433 0.295232
v 0.020772 1.482084 0.173700
v 0.029605 1.480433 0.173700
v 0.022649 1.475379 0.173700
v 0.026948 1.488611 0.173700
v 0.018350 1.488611 0.173700
v 0.015693 1.480433 0.173700
v 0.021480 1.484052 0.166961
v 0.020683 1.481919 0.166523
v 0.019695 1.485352 0.167671
v 0.017795 1.484022 0.167671
v 0.018406 1.481900 0.166961
v 0.017923 1.489133 0.162658
v 0.016788 1.487481 0.161490
v 0.016684 1.489652 0.164549
v 0.014784 1.488322 0.164549
v 0.014849 1.486980 0.162658
v 0.000082 1.514611 0.162206
v -0.001503 1.513604 0.160845
v -0.000426 1.514089 0.164407
v -0.002326 1.512758 0.164407
v -0.002992 1.512459 0.162206
v -0.007422 1.519993 0.162613
v -0.009007 1.518986 0.161252
v -0.007931 1.519470 0.164814
v -0.009831 1.518140 0.164814
v -0.010496 1.517840 0.162613
v -0.042756 1.477071 0.305169
v -0.042756 1.489659 0.305169
v -0.042756 1.477071 0.176387
v -0.042756 1.489659 0.176387
v -0.039753 1.477071 0.305169
v -0.039753 1.489659 0.305169
v -0.039753 1.477071 0.176106
v -0.039753 1.489659 0.176106
v 0.014498 1.440173 0.285206
v -0.043663 1.440173 0.285206
v 0.014498 1.444338 0.286931
v -0.043663 1.444338 0.286931
v 0.014498 1.446064 0.291097
v -0.043663 1.446064 0.291097
v 0.014498 1.444338 0.295262
v -0.043663 1.444338 0.295262
v 0.014498 1.440173 0.296987
v -0.043663 1.440173 0.296987
v 0.014498 1.436007 0.295262
v -0.043663 1.436007 0.295262
v 0.014498 1.434282 0.291097
v -0.043663 1.434282 0.291097
v 0.014498 1.436007 0.286931
v -0.043663 1.436007 0.286931
v 0.014498 1.440173 0.278666
v 0.014498 1.448963 0.282307
v -0.043663 1.448963 0.282307
v -0.043663 1.440173 0.278666
v 0.014498 1.452603 0.291097
v -0.043663 1.452603 0.291097
v 0.014498 1.448963 0.299886
v -0.043663 1.448963 0.299886
v 0.014498 1.440173 0.303527
v -0.043663 1.440173 0.303527
v 0.014498 1.431383 0.299886
v -0.043663 1.431383 0.299886
v 0.014498 1.427742 0.291097
v -0.043663 1.427742 0.291097
v 0.014498 1.431383 0.282307
v -0.043663 1.431383 0.282307
v 0.013295 1.440173 0.285206
v 0.013295 1.444338 0.286931
v -0.042460 1.444338 0.286931
v -0.042460 1.440173 0.285206
v 0.013295 1.446064 0.291097
v -0.042460 1.446064 0.291097
v 0.013295 1.444338 0.295262
v -0.042460 1.444338 0.295262
v 0.013295 1.440173 0.296987
v -0.042460 1.440173 0.296987
v 0.013295 1.436007 0.295262
v -0.042460 1.436007 0.295262
v 0.013295 1.434282 0.291097
v -0.042460 1.434282 0.291097
v 0.013295 1.436007 0.286931
v -0.042460 1.436007 0.286931
v -0.037984 1.444226 0.358175
v -0.037984 1.458520 0.358175
v -0.037984 1.444226 0.343882
v -0.037984 1.458520 0.343882
v -0.037984 1.425011 0.356883
v -0.037984 1.433210 0.368591
v -0.044762 1.413290 0.365090
v -0.044762 1.421488 0.376798
v -0.037984 1.413290 0.365090
v -0.037984 1.421488 0.376798
v -0.049430 1.424762 0.358290
v -0.049430 1.431802 0.368344
v -0.049430 1.414697 0.365337
v -0.049430 1.421737 0.375391
v -0.044762 1.444226 0.357577
v -0.044511 1.444226 0.358175
v -0.044511 1.458520 0.358175
v -0.044762 1.457990 0.357580
v -0.044511 1.444226 0.343882
v -0.044762 1.444226 0.344456
v -0.044511 1.458520 0.343882
v -0.044762 1.457990 0.344454
v -0.044762 1.425285 0.357274
v -0.044511 1.425011 0.356883
v -0.044762 1.424578 0.357186
v -0.045010 1.424998 0.356957
v -0.044511 1.433210 0.368591
v -0.044762 1.432956 0.368228
v -0.045010 1.433135 0.368578
v -0.044762 1.432776 0.368895
v -0.046008 1.451788 0.348039
v -0.046008 1.453841 0.348889
v -0.046008 1.454691 0.350941
v -0.046008 1.453841 0.352994
v -0.046008 1.451788 0.353844
v -0.046008 1.449736 0.352994
v -0.046008 1.448886 0.350941
v -0.046008 1.449736 0.348889
v -0.046008 1.456119 0.346610
v -0.046008 1.451788 0.344816
v -0.046008 1.457913 0.350941
v -0.046008 1.456119 0.355272
v -0.046008 1.451788 0.357066
v -0.046008 1.447457 0.355272
v -0.046008 1.445663 0.350941
v -0.046008 1.447457 0.346610
v -0.045415 1.453841 0.348889
v -0.045415 1.451788 0.348039
v -0.045415 1.454691 0.350941
v -0.045415 1.453841 0.352994
v -0.045415 1.451788 0.353844
v -0.045415 1.449736 0.352994
v -0.045415 1.448886 0.350941
v -0.045415 1.449736 0.348889
v -0.031679 1.451788 0.344816
v -0.031679 1.456119 0.346610
v -0.031679 1.457913 0.350941
v -0.031679 1.456119 0.355272
v -0.031679 1.451788 0.357066
v -0.031679 1.447457 0.355272
v -0.031679 1.445663 0.350941
v -0.031679 1.447457 0.346610
v -0.039290 1.337424 0.743326
v -0.039290 1.367413 0.669263
v 0.010125 1.337424 0.743326
v 0.010125 1.367413 0.669263
v -0.039290 1.337424 0.751164
v 0.010125 1.337424 0.751164
v -0.039290 1.429096 0.510456
v 0.010125 1.429096 0.510456
v -0.039290 1.434548 0.472628
v 0.010125 1.434548 0.472628
v -0.039290 1.434548 0.458315
v 0.010125 1.434548 0.458315
v -0.014582 1.367413 0.669263
v -0.014582 1.485057 0.669263
v -0.014582 1.337424 0.743326
v -0.014582 1.490169 0.743326
v -0.014582 1.337424 0.751164
v -0.014582 1.490169 0.751164
v -0.014582 1.429096 0.510456
v -0.014582 1.496533 0.510456
v -0.014582 1.434548 0.472628
v -0.014582 1.519366 0.472628
v -0.014582 1.434548 0.458315
v -0.014582 1.519366 0.458315
v -0.039290 1.475686 0.743326
v -0.033099 1.486486 0.743326
v -0.033099 1.481374 0.669263
v -0.039290 1.470550 0.669263
v 0.003935 1.486486 0.743326
v 0.010125 1.475686 0.743326
v 0.010125 1.470550 0.669263
v 0.003934 1.481374 0.669263
v -0.033099 1.486486 0.751164
v -0.039290 1.475694 0.751164
v 0.010125 1.475694 0.751164
v 0.003935 1.486486 0.751164
v -0.033099 1.492850 0.510456
v -0.039290 1.481984 0.510456
v 0.010125 1.481984 0.510456
v 0.003934 1.492850 0.510456
v -0.033098 1.515683 0.472628
v -0.039290 1.504798 0.472628
v 0.010125 1.504798 0.472628
v 0.003934 1.515683 0.472628
v -0.039290 1.504809 0.458315
v -0.033098 1.515683 0.458315
v 0.003934 1.515683 0.458315
v 0.010125 1.504809 0.458315
v -0.007843 1.464633 -0.120224
v -0.021321 1.464633 -0.120224
v -0.021321 1.464633 0.137213
v -0.007843 1.464633 0.137213
v 0.003767 1.510720 -0.120224
v 0.003767 1.510720 0.137213
v -0.032932 1.510720 -0.120224
v -0.032932 1.510720 0.137213
v 0.001394 1.513461 -0.043602
v -0.032932 1.510720 -0.048617
v -0.030559 1.513461 -0.043602
v 0.001394 1.513461 -0.102218
v -0.030559 1.513461 -0.102218
v 0.003767 1.510720 -0.097570
v -0.002282 1.517706 -0.102218
v -0.026882 1.517706 -0.102218
v -0.005564 1.521496 -0.095792
v -0.023601 1.521496 -0.095792
v -0.002282 1.517706 -0.043602
v -0.026882 1.517706 -0.043602
v 0.003767 1.510720 -0.048617
v -0.033472 1.509671 -0.050536
v 0.004308 1.509671 -0.050536
v -0.005564 1.521496 -0.048098
v -0.023601 1.521496 -0.048098
v -0.033472 1.509671 -0.095792
v 0.004308 1.509671 -0.095792
v -0.032932 1.510720 -0.097570
v -0.032932 1.510720 0.030862
v -0.030559 1.513461 0.034456
v 0.001394 1.513461 0.034456
v -0.030559 1.513461 -0.007549
v 0.001394 1.513461 -0.007549
v 0.003767 1.510720 -0.004218
v -0.002282 1.517706 -0.007549
v -0.026882 1.517706 -0.007549
v -0.023601 1.521496 -0.002944
v -0.005564 1.521496 -0.002944
v -0.002282 1.517706 0.034456
v -0.026882 1.517706 0.034456
v 0.004308 1.509671 0.029487
v 0.003767 1.510720 0.030862
v -0.033472 1.509671 0.029487
v -0.023601 1.521496 0.031234
v -0.005564 1.521496 0.031234
v 0.004308 1.509671 -0.002944
v -0.033472 1.509671 -0.002944
v -0.032932 1.510720 -0.004218
v -0.020703 1.524843 -0.120224
v -0.018560 1.525822 -0.120224
v -0.010604 1.525822 -0.120224
v -0.008461 1.524843 -0.120224
v -0.008461 1.524843 0.137213
v -0.010604 1.525822 0.137213
v -0.018560 1.525822 0.137213
v -0.020703 1.524843 0.137213
v 0.010339 1.484064 -0.120224
v 0.008283 1.479899 -0.120224
v 0.008283 1.479899 0.137213
v 0.010339 1.484064 0.137213
v -0.037448 1.479899 -0.120224
v -0.039504 1.484064 -0.120224
v -0.039504 1.484064 0.137213
v -0.037448 1.479899 0.137213
v 0.010954 1.496770 -0.120224
v 0.011413 1.494328 -0.120224
v 0.011413 1.494328 0.137213
v 0.010954 1.496770 0.137213
v -0.040577 1.494328 -0.120224
v -0.040118 1.496770 -0.120224
v -0.040118 1.496770 0.137213
v -0.040577 1.494328 0.137213
v -0.014582 1.489556 -0.349102
v -0.014582 1.489556 -0.177534
v -0.008746 1.485315 -0.349102
v -0.008746 1.485315 -0.177534
v -0.010975 1.478454 -0.349102
v -0.010975 1.478454 -0.177534
v -0.018190 1.478454 -0.349102
v -0.018190 1.478454 -0.177534
v -0.020419 1.485315 -0.349102
v -0.020419 1.485315 -0.177534
v -0.014582 1.491572 -0.349102
v -0.006828 1.485938 -0.349102
v -0.009790 1.476823 -0.349102
v -0.019374 1.476823 -0.349102
v -0.022336 1.485938 -0.349102
v -0.014582 1.491572 -0.452592
v -0.006828 1.485938 -0.452592
v -0.009790 1.476823 -0.452592
v -0.019374 1.476823 -0.452592
v -0.022336 1.485938 -0.452592
v -0.014582 1.489035 -0.457810
v -0.009241 1.485154 -0.457810
v -0.011281 1.478875 -0.457810
v -0.017884 1.478875 -0.457810
v -0.019924 1.485154 -0.457810
v -0.006179 1.486149 -0.177534
v -0.014582 1.492254 -0.177534
v -0.009389 1.476271 -0.177534
v -0.019776 1.476271 -0.177534
v -0.022985 1.486149 -0.177534
v -0.006179 1.486149 -0.171917
v -0.014582 1.492254 -0.171917
v -0.009389 1.476271 -0.171917
v -0.019776 1.476271 -0.171917
v -0.022985 1.486149 -0.171917
v -0.024212 1.476341 -0.139071
v -0.024212 1.503814 -0.139071
v -0.024212 1.476341 -0.171022
v -0.024212 1.503814 -0.171022
v -0.004952 1.476341 -0.139071
v -0.004952 1.503814 -0.139071
v -0.004952 1.476341 -0.171022
v -0.004952 1.503814 -0.171022
v -0.014582 1.468541 -0.171022
v -0.014582 1.507694 -0.171022
v -0.014582 1.468541 -0.139071
v -0.014582 1.507694 -0.139071
v -0.023623 1.503553 -0.139004
v -0.021951 1.523866 -0.140281
v -0.023623 1.503553 -0.161966
v -0.021951 1.523866 -0.160690
v -0.005541 1.503553 -0.139004
v -0.007213 1.523866 -0.140281
v -0.005541 1.503553 -0.161966
v -0.007213 1.523866 -0.160690
v -0.021951 1.534948 -0.142496
v -0.021951 1.534948 -0.158475
v -0.007213 1.534948 -0.158475
v -0.007213 1.534948 -0.142496
v -0.010062 1.503553 -0.161966
v -0.019103 1.503553 -0.161966
v -0.018267 1.523866 -0.160690
v -0.010898 1.523866 -0.160690
v -0.019103 1.503553 -0.139004
v -0.010062 1.503553 -0.139004
v -0.010898 1.523866 -0.140281
v -0.018267 1.523866 -0.140281
v -0.019372 1.534948 -0.158475
v -0.009793 1.534948 -0.158475
v -0.009793 1.534948 -0.142496
v -0.019372 1.534948 -0.142496
v -0.021951 1.544140 -0.142496
v -0.021951 1.544140 -0.158475
v -0.009793 1.544140 -0.158475
v -0.007213 1.544140 -0.158475
v -0.007213 1.544140 -0.142496
v -0.019372 1.544140 -0.142496
v -0.019372 1.544140 -0.158475
v -0.009793 1.544140 -0.142496
v -0.023623 1.503553 -0.150485
v -0.021951 1.523866 -0.150485
v -0.005541 1.503553 -0.150485
v -0.007213 1.523866 -0.150485
v -0.021951 1.531218 -0.150485
v -0.007213 1.531218 -0.150485
v -0.009793 1.531218 -0.150485
v -0.019372 1.531218 -0.150485
v -0.019103 1.503553 -0.150485
v -0.010062 1.503553 -0.150485
v -0.021951 1.548468 -0.150485
v -0.007213 1.548468 -0.150485
v -0.009793 1.548468 -0.150485
v -0.019372 1.548468 -0.150485
v -0.023623 1.503553 -0.144745
v -0.007213 1.523866 -0.145383
v -0.007213 1.532128 -0.145383
v -0.009793 1.532128 -0.145383
v -0.019372 1.532128 -0.145383
v -0.019103 1.503553 -0.144745
v -0.010062 1.503553 -0.144745
v -0.007213 1.547944 -0.146399
v -0.009793 1.547944 -0.146399
v -0.019372 1.547944 -0.146399
v -0.021951 1.523866 -0.145383
v -0.005541 1.503553 -0.144745
v -0.021951 1.532128 -0.145383
v -0.021951 1.547944 -0.146399
v -0.021951 1.523866 -0.155587
v -0.005541 1.503553 -0.156226
v -0.021951 1.532128 -0.155587
v -0.021951 1.547944 -0.154572
v -0.023623 1.503553 -0.156226
v -0.007213 1.523866 -0.155587
v -0.007213 1.532128 -0.155587
v -0.009793 1.532128 -0.155587
v -0.019372 1.532128 -0.155587
v -0.019103 1.503553 -0.156226
v -0.010062 1.503553 -0.156226
v -0.007213 1.547944 -0.154572
v -0.009793 1.547944 -0.154572
v -0.019372 1.547944 -0.154572
v -0.015709 1.528166 -0.147883
v -0.015047 1.536849 -0.147883
v -0.015709 1.528166 -0.152539
v -0.015047 1.536849 -0.152539
v -0.013455 1.528166 -0.147883
v -0.014118 1.536849 -0.147883
v -0.013455 1.528166 -0.152539
v -0.014118 1.536849 -0.152539
v -0.021951 1.529004 -0.155587
v -0.021951 1.529004 -0.160690
v -0.007213 1.529004 -0.145383
v -0.007213 1.529004 -0.140281
v -0.009793 1.529004 -0.145383
v -0.009793 1.529004 -0.140281
v -0.019372 1.529004 -0.145383
v -0.019372 1.529004 -0.140281
v -0.021951 1.550046 -0.155587
v -0.021951 1.545074 -0.160690
v -0.007213 1.550046 -0.145383
v -0.007213 1.545074 -0.140281
v -0.009793 1.550046 -0.145383
v -0.009793 1.545074 -0.140281
v -0.019372 1.550046 -0.145383
v -0.019372 1.545074 -0.140281
v -0.007213 1.529004 -0.160690
v -0.007213 1.545074 -0.160690
v -0.009793 1.545074 -0.160690
v -0.009793 1.529004 -0.160690
v -0.021951 1.529004 -0.140281
v -0.021951 1.545074 -0.140281
v -0.019372 1.545074 -0.160690
v -0.019372 1.529004 -0.160690
v -0.021951 1.529004 -0.145383
v -0.021951 1.529004 -0.150485
v -0.007213 1.529004 -0.155587
v -0.007213 1.529004 -0.150485
v -0.009793 1.529004 -0.155587
v -0.009793 1.529004 -0.150485
v -0.019372 1.529004 -0.155587
v -0.019372 1.529004 -0.150485
v -0.021951 1.550046 -0.145383
v -0.021951 1.550702 -0.150485
v -0.007213 1.550046 -0.155587
v -0.007213 1.550702 -0.150485
v -0.009793 1.550046 -0.155587
v -0.009793 1.550702 -0.150485
v -0.019372 1.550046 -0.155587
v -0.019372 1.550702 -0.150485
v -0.014582 1.510829 -0.132977
v -0.014582 1.510829 -0.163504
v -0.007925 1.515666 -0.132977
v -0.007925 1.515666 -0.163504
v -0.010468 1.523492 -0.132977
v -0.010468 1.523492 -0.163504
v -0.018697 1.523492 -0.132977
v -0.018697 1.523492 -0.163504
v -0.021239 1.515666 -0.132977
v -0.021239 1.515666 -0.163504
v -0.007295 1.515461 -0.163504
v -0.014582 1.510167 -0.163504
v -0.010079 1.524028 -0.163504
v -0.019086 1.524028 -0.163504
v -0.021869 1.515461 -0.163504
v -0.007295 1.515461 -0.176902
v -0.014582 1.510167 -0.176902
v -0.010079 1.524028 -0.176902
v -0.019086 1.524028 -0.176902
v -0.021869 1.515461 -0.176902
v -0.014582 1.509785 -0.132977
v -0.006932 1.515343 -0.132977
v -0.009854 1.524336 -0.132977
v -0.019310 1.524336 -0.132977
v -0.022232 1.515343 -0.132977
v -0.014582 1.509785 -0.119143
v -0.006932 1.515343 -0.119143
v -0.009854 1.524336 -0.119143
v -0.019310 1.524336 -0.119143
v -0.022232 1.515343 -0.119143
v -0.014582 1.510947 -0.141022
v -0.014582 1.510947 -0.110162
v 0.004821 1.499744 -0.141022
v 0.004821 1.499744 -0.110162
v 0.004821 1.477339 -0.141022
v 0.004821 1.477339 -0.110162
v -0.014582 1.466136 -0.141022
v -0.014582 1.466136 -0.110162
v -0.033986 1.477339 -0.141022
v -0.033986 1.477339 -0.110162
v -0.033986 1.499744 -0.141022
v -0.033986 1.499744 -0.110162
v -0.046319 1.483607 0.180555
v -0.059123 1.483607 0.178050
v -0.046319 1.486981 0.182504
v -0.059123 1.489151 0.181251
v -0.046319 1.486981 0.186400
v -0.059123 1.489151 0.187653
v -0.046319 1.483607 0.188348
v -0.059123 1.483607 0.190854
v -0.046319 1.480232 0.186400
v -0.059123 1.478062 0.187653
v -0.046319 1.480232 0.182504
v -0.059123 1.478062 0.181251
v -0.046319 1.483607 0.178050
v -0.046319 1.489151 0.181251
v -0.046319 1.489151 0.187653
v -0.046319 1.483607 0.190854
v -0.046319 1.478062 0.187653
v -0.046319 1.478062 0.181251
v -0.042330 1.483607 0.180555
v -0.042330 1.486981 0.182504
v -0.042330 1.486981 0.186400
v -0.042330 1.483607 0.188348
v -0.042330 1.480232 0.186400
v -0.042330 1.480232 0.182504
v -0.015630 1.485620 0.269942
v -0.029508 1.509657 0.269942
v -0.015630 1.485620 0.172981
v -0.029508 1.509657 0.172981
v 0.008407 1.499498 0.269942
v -0.005471 1.523535 0.269942
v 0.008407 1.499498 0.172981
v -0.005471 1.523535 0.172981
v -0.020998 1.515759 0.454890
v -0.020998 1.515759 0.425844
v -0.008166 1.515759 0.454890
v -0.008166 1.515759 0.425844
v -0.020998 1.515759 0.450533
v -0.008166 1.515759 0.450533
v -0.010643 1.539554 0.450533
v -0.011890 1.540802 0.450533
v -0.011890 1.540802 0.454890
v -0.010643 1.539554 0.454890
v -0.013700 1.541551 0.450533
v -0.015464 1.541551 0.450533
v -0.015464 1.541551 0.454890
v -0.013700 1.541551 0.454890
v -0.017274 1.540802 0.450533
v -0.018522 1.539554 0.450533
v -0.018522 1.539554 0.454890
v -0.017274 1.540802 0.454890
v -0.009893 1.535980 0.450533
v -0.009893 1.537745 0.450533
v -0.009297 1.537789 0.450533
v -0.009893 1.537745 0.454890
v -0.009893 1.535980 0.454890
v -0.009297 1.537789 0.454890
v -0.019271 1.537745 0.450533
v -0.019271 1.535980 0.450533
v -0.019868 1.537789 0.450533
v -0.019271 1.535980 0.454890
v -0.019271 1.537745 0.454890
v -0.019868 1.537789 0.454890
v -0.011890 1.532923 0.450533
v -0.010643 1.534170 0.450533
v -0.010643 1.534170 0.454890
v -0.011890 1.532923 0.454890
v -0.018522 1.534170 0.450533
v -0.017274 1.532923 0.450533
v -0.017274 1.532923 0.454890
v -0.018522 1.534170 0.454890
v -0.015464 1.532173 0.450533
v -0.013700 1.532173 0.450533
v -0.013700 1.532173 0.454890
v -0.015464 1.532173 0.454890
v -0.010179 1.542951 0.450533
v -0.008166 1.540214 0.450533
v -0.008676 1.540277 0.450533
v -0.008166 1.540214 0.454890
v -0.010179 1.542951 0.454890
v -0.008676 1.540277 0.454890
v -0.018986 1.542951 0.454890
v -0.020998 1.540214 0.454890
v -0.020488 1.540277 0.454890
v -0.020998 1.540214 0.450533
v -0.018986 1.542951 0.450533
v -0.020488 1.540277 0.450533
v -0.012569 1.543697 0.454890
v -0.016595 1.543697 0.454890
v -0.016595 1.543697 0.450533
v -0.012569 1.543697 0.450533
v -0.020998 1.526825 0.454890
v -0.020998 1.524534 0.454890
v -0.019853 1.525679 0.454890
v -0.020998 1.524534 0.425844
v -0.019853 1.525679 0.425844
v -0.008166 1.524534 0.454890
v -0.008166 1.526825 0.454890
v -0.009311 1.525679 0.454890
v -0.009311 1.525679 0.425844
v -0.008166 1.524534 0.425844
v -0.020998 1.524534 0.450533
v -0.020189 1.526489 0.450533
v -0.008166 1.524534 0.450533
v -0.008976 1.526489 0.450533
vn -0.8702 0.4928 -0.0000
vn -0.8385 -0.3563 -0.4122
vn -0.8698 -0.4822 -0.1041
vn -0.8295 0.4041 -0.3855
vn 0.8385 -0.3563 -0.4122
vn 0.8698 -0.4822 -0.1040
vn 0.8295 0.4041 0.3855
vn 0.8207 -0.4491 0.3531
vn -0.8207 -0.4491 0.3531
vn -0.8698 -0.4822 -0.1040
vn 0.8702 0.4928 -0.0000
vn 0.8295 0.4041 -0.3855
vn 0.8990 0.4380 -0.0000
vn -0.8990 0.4380 -0.0000
vn 0.8992 -0.4301 -0.0797
vn -0.8992 -0.4302 -0.0798
vn -0.8295 0.4041 0.3855
vn -0.9676 0.2524 -0.0000
vn -0.8861 -0.0000 -0.4635
vn -1.0000 -0.0000 -0.0000
vn -0.0000 -0.0000 -1.0000
vn 0.8838 0.2305 -0.4072
vn 0.8861 -0.0000 -0.4635
vn 0.9676 0.2524 -0.0000
vn 0.9898 0.1148 0.0847
vn 1.0000 -0.0000 -0.0000
vn -0.3572 0.5585 0.7487
vn -0.8838 0.2305 0.4073
vn -0.9898 0.1148 0.0847
vn 0.8324 -0.5059 -0.2263
vn -0.0000 -0.9997 0.0252
vn -0.0000 -0.9129 -0.4083
vn -0.4323 0.6758 0.5970
vn -0.5388 0.8424 -0.0000
vn 0.5173 -0.2706 -0.8119
vn 0.7489 0.1953 0.6332
vn 0.7489 0.1953 -0.6332
vn -0.8451 -0.1841 -0.5020
vn -0.0000 0.7071 0.7071
vn -0.9709 0.1693 0.1693
vn -0.8891 -0.4575 0.0116
vn 0.8891 -0.4575 0.0116
vn -0.0000 -1.0000 -0.0000
vn 0.9709 0.1693 0.1693
vn 0.8861 -0.4635 -0.0000
vn -0.8493 -0.4488 -0.2780
vn -0.8140 -0.5298 0.2383
vn -0.0000 -0.3443 -0.9389
vn 0.8493 -0.4488 -0.2780
vn -0.0000 -0.8501 -0.5266
vn -0.8039 -0.4205 0.4205
vn -0.0000 -0.7071 0.7071
vn -0.8861 -0.4635 -0.0000
vn -0.8039 0.4205 0.4205
vn 0.8039 -0.4205 0.4205
vn 0.9848 -0.1728 0.0169
vn -0.8324 -0.5059 -0.2262
vn -0.0000 -0.9952 0.0974
vn -0.0000 -0.9120 0.4102
vn -0.8837 0.2305 -0.4073
vn -0.4323 0.6758 -0.5970
vn 0.8451 -0.1841 -0.5020
vn 0.8140 -0.5298 0.2383
vn -0.9848 -0.1729 0.0169
vn 0.5388 0.8424 -0.0000
vn 0.9247 0.2407 -0.2949
vn 0.2802 0.6884 -0.6690
vn 0.9524 -0.0837 -0.2931
vn 0.4323 0.6758 -0.5970
vn 0.8039 0.4205 0.4205
vn 0.8837 0.2305 0.4073
vn 0.4323 0.6758 0.5970
vn -0.3572 0.5585 -0.7486
vn -0.7489 0.1953 0.6332
vn -0.7489 0.1953 -0.6332
vn -0.5173 -0.2706 -0.8119
vn -0.0000 -0.7071 -0.7071
vn 0.3572 0.5585 0.7486
vn 0.3572 0.5585 -0.7487
vn 0.8240 -0.3854 0.4154
vn -0.8837 0.2305 0.4073
vn -0.5173 -0.2706 0.8119
vn -0.0767 -0.7166 0.6933
vn 0.3572 0.5585 0.7487
vn 0.5173 -0.2706 0.8119
vn -0.8240 -0.3853 0.4154
vn -0.0767 -0.7166 -0.6933
vn -0.8240 -0.3854 -0.4154
vn 0.0767 -0.7166 0.6933
vn 0.8240 -0.3853 -0.4154
vn 0.0767 -0.7166 -0.6933
vn 0.8837 0.2305 -0.4073
vn 0.6361 0.7581 0.1438
vn 0.8992 0.3190 0.2995
vn 0.6694 0.7299 -0.1382
vn 0.2196 0.7669 0.6030
vn 0.9410 -0.0737 0.3303
vn -0.0000 0.8127 0.5827
vn 0.9229 -0.1862 -0.3370
vn -0.0000 0.8127 -0.5827
vn 0.9229 -0.1862 0.3370
vn -0.9229 -0.1862 -0.3370
vn -0.9229 -0.1862 0.3370
vn -0.4321 -0.5370 0.7245
vn -0.4281 0.2203 0.8765
vn -0.9332 -0.0679 0.3528
vn 0.4322 -0.5370 0.7245
vn 0.9332 -0.0679 0.3528
vn 0.4281 0.2203 0.8765
vn -0.9396 -0.3324 -0.0815
vn -0.5026 -0.8423 -0.1946
vn -0.5321 0.1768 0.8280
vn -0.4588 -0.2884 -0.8404
vn -0.9466 -0.1117 -0.3025
vn 0.9396 -0.3324 -0.0815
vn 0.4588 -0.2884 -0.8404
vn 0.9466 -0.1117 -0.3025
vn 0.5321 0.1768 0.8280
vn 0.9809 0.0387 0.1907
vn -0.3820 0.5837 -0.7165
vn 0.3820 0.5837 -0.7165
vn 0.8780 0.3946 -0.2711
vn 0.8811 0.3717 0.2924
vn 0.3969 0.5290 0.7501
vn -0.8811 0.3717 0.2924
vn -0.9809 0.0387 0.1907
vn 0.5026 -0.8424 -0.1945
vn -0.3969 0.5290 0.7501
vn -0.8780 0.3946 -0.2711
vn -0.8438 0.3874 0.3714
vn -0.9156 -0.0123 -0.4020
vn -0.8409 -0.1016 0.5316
vn -0.8277 0.3360 -0.4495
vn 0.9156 -0.0123 -0.4020
vn 0.8438 0.3874 0.3714
vn 0.8409 -0.1016 0.5316
vn 0.8005 -0.5592 0.2155
vn 0.8068 -0.2079 -0.5530
vn 0.8277 0.3360 -0.4495
vn -0.8005 -0.5592 0.2156
vn -0.8068 -0.2079 -0.5530
vn -0.9547 0.1101 0.2764
vn -0.8129 0.4543 -0.3644
vn -0.8224 -0.1968 -0.5337
vn 0.8224 -0.1969 -0.5338
vn 0.8129 0.4543 -0.3644
vn 0.9547 0.1101 0.2764
vn 0.7958 0.3778 0.4732
vn -0.8279 -0.5561 -0.0728
vn -0.9444 0.3274 0.0291
vn 0.9444 0.3274 0.0292
vn 0.7986 -0.1945 0.5695
vn 0.8279 -0.5561 -0.0728
vn -0.8086 0.5593 0.1828
vn -0.7986 -0.1945 0.5696
vn 0.8085 0.5593 0.1828
vn -0.0000 0.7723 0.6352
vn 0.9220 0.1630 -0.3512
vn -0.0000 0.7723 -0.6352
vn 0.6226 -0.5857 0.5190
vn 0.6226 -0.5857 -0.5190
vn -0.6226 -0.5857 0.5190
vn -0.6226 -0.5857 -0.5190
vn -0.9220 0.1630 -0.3512
vn -0.0000 -0.7723 -0.6352
vn 0.9220 -0.1630 0.3512
vn -0.0000 -0.7723 0.6352
vn 0.6226 0.5857 -0.5190
vn 0.6226 0.5857 0.5190
vn -0.6226 0.5857 0.5190
vn -0.6732 -0.3008 -0.6756
vn -0.8409 -0.0385 0.5399
vn -0.6577 -0.7495 -0.0750
vn -0.6226 0.5857 -0.5190
vn -0.9220 -0.1630 0.3512
vn -0.9220 -0.1630 -0.3513
vn 0.3246 -0.0574 -0.9441
vn 0.1354 -0.4562 -0.8795
vn 0.9220 -0.1630 -0.3513
vn -0.3608 0.6534 -0.6654
vn 0.4617 0.3013 -0.8343
vn 0.2400 -0.2486 -0.9384
vn 0.5626 -0.6547 -0.5047
vn 0.8965 0.1919 -0.3994
vn 0.1451 0.9087 0.3915
vn -0.6563 -0.2858 0.6982
vn -0.6578 -0.6926 -0.2959
vn -0.7707 -0.5718 -0.2810
vn 0.4373 0.5711 0.6947
vn 0.8503 0.4151 -0.3235
vn -0.8683 0.0570 0.4927
vn -0.9929 -0.0340 -0.1137
vn 0.7279 0.6397 -0.2469
vn 0.4801 0.4749 0.7376
vn -0.0034 0.0889 -0.9960
vn -0.4530 -0.4294 0.7812
vn -0.6051 0.4095 -0.6828
vn -0.1102 0.6882 0.7171
vn 0.2271 0.9425 -0.2452
vn -0.8131 -0.4181 -0.4051
vn -0.8131 0.4181 -0.4050
vn 0.7941 -0.4232 -0.4362
vn 0.7941 0.4232 -0.4362
vn -0.8406 -0.0000 -0.5417
vn 0.8406 0.3830 -0.3830
vn 0.8406 -0.0000 -0.5417
vn -0.8406 0.3830 -0.3830
vn 0.8406 0.5417 -0.0000
vn -0.8406 0.5417 -0.0000
vn 0.8406 0.3830 0.3830
vn -0.8406 0.3830 0.3830
vn 0.8406 -0.0000 0.5417
vn -0.8406 -0.0000 0.5417
vn 0.8406 -0.3830 0.3830
vn -0.8406 -0.3830 0.3830
vn 0.8406 -0.5417 -0.0000
vn -0.9327 0.3606 -0.0000
vn -0.9327 0.2550 0.2550
vn -0.8406 -0.5417 -0.0000
vn 0.8406 -0.3830 -0.3830
vn -0.8406 -0.3830 -0.3830
vn -0.9327 -0.3606 -0.0000
vn -0.9327 -0.2550 -0.2550
vn 0.9327 -0.2550 0.2550
vn -0.9327 -0.2550 0.2550
vn -0.9327 -0.0000 0.3606
vn 0.9327 -0.3606 -0.0000
vn 0.9327 -0.2550 -0.2550
vn 0.9327 -0.0000 -0.3606
vn -0.9327 -0.0000 -0.3606
vn 0.9327 0.2550 -0.2550
vn -0.9327 0.2550 -0.2550
vn 0.9327 0.3606 -0.0000
vn 0.9327 0.2550 0.2550
vn 0.9327 -0.0000 0.3606
vn 0.8039 0.4205 -0.4205
vn 0.9311 0.1348 0.3388
vn 0.8511 -0.1539 -0.5020
vn 0.8851 -0.2639 -0.3833
vn 0.8039 -0.5857 -0.1033
vn -0.1454 -0.1718 0.9743
vn -0.1453 -0.9744 -0.1718
vn 0.8772 0.3034 0.3720
vn -0.8444 0.0930 -0.5276
vn -0.8444 -0.0930 0.5276
vn -0.8444 0.5276 0.0930
vn -0.8444 -0.5276 -0.0931
vn -0.8078 0.2023 -0.5536
vn -0.1157 -0.4145 -0.9027
vn 0.0312 0.1713 -0.9847
vn -0.7809 0.6245 0.0131
vn -0.1152 0.6999 0.7049
vn -0.4749 0.6173 0.6272
vn -0.6917 0.2947 0.6593
vn -0.9774 0.1573 0.1412
vn -0.9896 0.0457 0.1361
vn -0.6544 0.5332 -0.5361
vn -0.6579 0.5304 0.5347
vn -0.6280 -0.2185 -0.7469
vn -0.9767 0.1569 -0.1462
vn -0.9732 -0.0790 -0.2159
vn -0.5064 -0.4140 -0.7564
vn 0.8039 0.4206 0.4206
vn 0.8039 -0.1033 0.5857
vn -0.0000 0.3827 -0.9239
vn -0.0000 0.9239 -0.3827
vn -0.0000 0.9239 0.3827
vn -0.0000 0.3827 0.9239
vn -0.0000 -0.3827 0.9239
vn -0.0000 -0.9239 0.3827
vn -0.0000 -0.9239 -0.3827
vn -0.0000 -0.3827 -0.9239
vn -0.0000 0.3826 -0.9239
vn 0.8869 -0.4293 -0.1703
vn -0.0000 -0.9816 -0.1912
vn -0.0000 -0.9295 -0.3687
vn 0.8631 -0.4957 -0.0966
vn -0.8870 -0.4293 -0.1703
vn -0.0000 -0.9672 -0.2540
vn -0.8999 -0.4218 -0.1108
vn -0.0000 -0.9974 -0.0715
vn -0.8948 -0.4454 -0.0319
vn 0.8039 -0.4205 -0.4206
vn 0.8948 -0.4454 -0.0319
vn 0.8999 -0.4218 -0.1108
vn -0.8631 -0.4957 -0.0966
vn -0.6574 0.7536 0.0011
vn -0.9733 0.2294 -0.0082
vn -0.6479 0.7612 -0.0262
vn 0.6574 0.7536 0.0011
vn 0.9733 0.2294 -0.0082
vn 0.9766 0.2149 0.0003
vn -0.8893 0.2054 0.4086
vn -0.5335 0.6224 0.5727
vn 0.8893 0.2054 0.4086
vn 0.6479 0.7612 -0.0262
vn 0.5335 0.6224 0.5727
vn 0.9805 0.1888 0.0544
vn -0.9805 0.1888 0.0544
vn -0.6543 0.7175 0.2390
vn 0.6543 0.7175 0.2390
vn 0.9636 0.2547 0.0814
vn 0.6224 0.7556 0.2041
vn -0.9636 0.2547 0.0814
vn -0.6224 0.7556 0.2041
vn 0.8895 0.2044 -0.4087
vn -0.8895 0.2044 -0.4087
vn -0.5354 0.6215 -0.5719
vn -0.0000 1.0000 0.0016
vn -0.0000 0.9994 -0.0344
vn -0.0000 0.7290 0.6845
vn -0.9766 0.2149 0.0003
vn -0.0000 0.9516 0.3073
vn -0.0000 0.9646 0.2638
vn -0.8039 -0.4205 -0.4205
vn -0.0000 0.7290 -0.6845
vn 0.5354 0.6215 -0.5719
vn -0.3155 -0.7052 -0.6350
vn 0.3155 -0.7052 0.6349
vn -0.3155 -0.7052 0.6350
vn 0.9359 0.0376 -0.3502
vn -0.9595 -0.0265 0.2803
vn 0.9595 -0.0264 0.2803
vn -0.5707 0.7854 -0.2396
vn 0.5707 0.7854 -0.2396
vn 0.7014 0.7089 -0.0735
vn -0.6719 0.4758 -0.5677
vn 0.6718 0.4758 -0.5677
vn 0.5683 0.7831 0.2525
vn -0.5683 0.7831 0.2526
vn -0.7055 0.7046 0.0760
vn -0.7014 0.7089 -0.0735
vn 0.6930 0.4637 0.5521
vn -0.6930 0.4637 0.5521
vn -0.9089 0.1086 -0.4027
vn 0.9377 0.0328 0.3458
vn 0.9089 0.1086 -0.4027
vn -0.5615 0.7712 -0.2999
vn 0.5615 0.7712 -0.2999
vn 0.7194 0.6895 -0.0835
vn -0.6546 0.4860 -0.5790
vn 0.6546 0.4860 -0.5790
vn 0.5601 0.7663 0.3147
vn -0.5601 0.7663 0.3147
vn -0.7234 0.6851 0.0854
vn -0.7194 0.6895 -0.0835
vn -0.6732 0.4750 0.5667
vn -0.9377 0.0328 0.3458
vn -0.4872 0.6218 0.6132
vn -0.1621 0.7197 -0.6751
vn -0.4872 0.6218 -0.6132
vn 0.4872 0.6218 -0.6132
vn 0.1621 0.7197 0.6751
vn 0.4872 0.6218 0.6132
vn -0.1621 0.7197 0.6751
vn 0.1621 0.7197 -0.6751
vn 0.6856 -0.4846 -0.5433
vn 0.8682 -0.2346 0.4372
vn 0.6856 -0.4846 0.5433
vn -0.6856 -0.4846 0.5433
vn -0.8682 -0.2346 -0.4372
vn -0.6856 -0.4846 -0.5433
vn 0.3155 -0.7052 -0.6349
vn 0.8434 0.2774 0.4601
vn 0.9112 0.0352 -0.4105
vn 0.8434 0.2774 -0.4601
vn -0.8434 0.2774 -0.4601
vn -0.9112 0.0352 0.4105
vn -0.8434 0.2774 0.4601
vn 0.8682 -0.2346 -0.4372
vn 0.9112 0.0352 0.4105
vn 0.7234 0.6851 0.0854
vn -0.6980 0.4625 -0.5467
vn -0.9112 0.0352 -0.4105
vn -0.8682 -0.2346 0.4372
vn -0.0000 0.6047 -0.7965
vn 0.5903 0.1044 0.8004
vn -0.0000 0.6047 0.7965
vn 0.5903 0.1044 -0.8004
vn 0.4693 -0.4415 0.7647
vn 0.4693 -0.4415 -0.7647
vn -0.4693 -0.4415 0.7647
vn -0.4693 -0.4415 -0.7647
vn -0.5903 0.1044 0.8004
vn -0.5903 0.1044 -0.8004
vn -0.9220 0.1630 0.3513
vn -0.7331 -0.6502 -0.1996
vn 0.9220 0.1630 0.3513
vn -0.0000 0.7724 0.6352
vn -0.7551 0.1792 -0.6307
vn -0.4278 -0.5137 -0.7437
vn 0.7331 -0.6502 -0.1996
vn 0.9711 0.1645 -0.1729
vn -0.9711 0.1645 -0.1729
vn -0.0000 0.9768 -0.2139
vn -0.0000 0.6074 -0.7944
vn 0.4278 -0.5137 -0.7437
vn 0.7551 0.1792 -0.6307
vn -0.9220 0.1630 -0.3513
vn 0.9220 0.1630 -0.3513
vn -0.8388 0.3560 0.4119
vn -0.8629 -0.2989 -0.4075
vn -0.8629 -0.2990 0.4075
vn -0.0000 0.7482 -0.6635
vn 0.8629 -0.2990 -0.4075
vn -0.0000 -0.7775 -0.6289
vn 0.8388 0.3560 -0.4119
vn 0.8629 -0.2989 0.4075
vn -0.0000 0.7482 0.6635
vn -0.0000 -0.7775 0.6289
vn -0.8388 0.3560 -0.4119
vn 0.8388 0.3560 0.4119
vn -0.9129 -0.4083 -0.0000
vn -0.8782 0.0523 -0.4753
vn -0.8341 -0.3652 -0.4134
vn -0.0000 -0.6846 -0.7290
vn 0.8783 0.0523 -0.4753
vn 0.8341 -0.3652 -0.4134
vn 0.9129 -0.4083 -0.0000
vn 0.8782 0.0523 0.4753
vn 0.8341 -0.3652 0.4134
vn -0.0000 -0.6846 0.7289
vn -0.8783 0.0522 0.4753
vn -0.8341 -0.3652 0.4134
vn 0.5173 0.2706 -0.8119
vn -0.0000 0.0314 -0.9995
vn 0.9992 0.0409 -0.0000
vn -0.9992 0.0409 -0.0000
vn -0.5173 0.2706 0.8119
vn -0.0000 0.0314 0.9995
vn 0.5173 0.2706 0.8119
vn -0.8861 -0.0000 0.4635
vn 0.8861 0.4635 -0.0000
vn -0.8861 0.4635 -0.0000
vn -0.5173 0.2706 -0.8119
vn -0.0000 -0.6846 -0.7289
vn -0.8483 0.4768 0.2304
vn 0.8399 0.2109 0.5001
vn 0.8483 0.4768 0.2304
vn 0.8861 -0.0000 0.4635
vn -0.8399 0.2109 0.5001
vn 0.8399 0.2109 -0.5001
vn -0.8483 0.4768 -0.2304
vn 0.8707 0.4918 -0.0000
vn 0.8483 0.4768 -0.2304
vn -0.8707 0.4918 -0.0000
vn -0.8399 0.2109 -0.5001
vn 0.9334 0.1393 -0.3307
vn -0.9219 0.3445 -0.1771
vn -0.9334 0.1393 -0.3307
vn -0.7671 0.4641 0.4429
vn -0.8348 -0.3776 -0.4006
vn -0.8348 -0.3776 0.4006
vn -0.7671 0.4641 -0.4429
vn 0.8348 -0.3776 -0.4006
vn 0.7671 0.4641 -0.4429
vn 0.8348 -0.3776 0.4006
vn 0.7671 0.4641 0.4429
vn -0.9219 0.3445 0.1771
vn 0.9219 0.3445 -0.1771
vn -0.9334 -0.1394 0.3306
vn 0.9334 -0.1394 -0.3306
vn -0.9334 -0.1394 -0.3306
vn -0.9247 -0.3428 -0.1656
vn 0.9334 0.1393 0.3307
vn 0.9334 -0.1394 0.3306
vn -0.9334 0.1393 0.3307
vn 0.9334 -0.1394 0.3305
vn -0.9075 0.4201 -0.0000
vn 0.9075 0.4201 -0.0000
vn 0.9219 0.3445 0.1771
vn -0.9016 -0.4326 -0.0000
vn 0.9247 -0.3428 0.1656
vn 0.9016 -0.4326 -0.0000
vn -0.9247 -0.3428 0.1656
vn 0.9247 -0.3428 -0.1656
vn -0.0000 -0.6047 0.7965
vn 0.5903 -0.1043 -0.8004
vn -0.0000 -0.6047 -0.7965
vn 0.5903 -0.1044 0.8004
vn 0.4693 0.4415 -0.7647
vn 0.4693 0.4415 0.7647
vn -0.4693 0.4415 -0.7647
vn -0.5903 -0.1043 0.8004
vn -0.9220 -0.1630 0.3513
vn -0.4693 0.4416 0.7647
vn -0.5903 -0.1044 -0.8004
vn 0.9220 -0.1630 0.3513
vn -0.0000 -0.7724 -0.6352
vn 0.9220 -0.1630 -0.3512
vn -0.0000 -0.7724 0.6352
vn -0.9220 -0.1630 -0.3512
vn -0.0000 0.7621 -0.6474
vn 0.8504 0.3303 0.4095
vn 0.8504 0.3303 -0.4095
vn 0.8504 -0.3303 -0.4095
vn 0.8504 -0.3304 0.4095
vn -0.0000 -0.7621 -0.6475
vn -0.0000 -0.7621 0.6474
vn -0.8504 -0.3304 -0.4095
vn -0.0000 0.7621 0.6475
vn -0.8504 -0.3303 0.4095
vn -0.8504 0.3303 -0.4095
vn -0.8504 0.3304 0.4095
vn -0.8271 -0.0000 -0.5620
vn 0.8271 0.4867 -0.2810
vn 0.8271 -0.0000 -0.5620
vn -0.8271 0.4867 -0.2810
vn 0.8271 0.4867 0.2810
vn -0.8271 0.4867 0.2810
vn 0.8271 -0.0000 0.5620
vn -0.8271 -0.0000 0.5620
vn 0.8271 -0.4867 0.2810
vn -0.8271 -0.4867 0.2810
vn 0.8271 -0.4867 -0.2810
vn -0.8271 -0.4867 -0.2810
vn 0.9468 0.2786 -0.1609
vn 0.9468 -0.0000 -0.3217
vn 0.9468 0.2786 0.1609
vn 0.9468 -0.0000 0.3217
vn 0.9468 -0.2786 0.1609
vn 0.9468 -0.2786 -0.1609
vn 0.8271 -0.4868 -0.2810
vn -0.8660 -0.5000 -0.0000
vn 0.8660 0.5000 -0.0000
vn -0.0000 -0.0000 1.0000
vn 0.5000 -0.8660 -0.0000
vn -0.5000 0.8660 -0.0000
vn 0.8039 -0.4206 -0.4205
vn -0.8039 -0.4206 -0.4205
vn -0.8060 0.1467 -0.5735
vn -0.8060 -0.1467 -0.5735
vn -0.8060 -0.1467 0.5734
vn -0.8060 0.1467 0.5735
vn 0.8060 -0.1467 -0.5734
vn 0.8060 0.1467 -0.5735
vn 0.8060 0.1467 0.5735
vn 0.8060 -0.1467 0.5735
vn 0.4113 0.5936 -0.6917
vn 0.6590 0.4164 0.6264
vn 0.4113 0.5937 0.6917
vn -0.4113 -0.5937 -0.6917
vn -0.6590 -0.4164 0.6264
vn -0.4113 -0.5937 0.6917
vn 0.6590 -0.4164 -0.6264
vn 0.4113 -0.5937 0.6917
vn 0.6590 -0.4164 0.6264
vn -0.6590 0.4164 -0.6264
vn -0.4113 0.5936 0.6917
vn -0.6590 0.4164 0.6264
vn -0.1377 -0.6729 0.7268
vn 0.1377 -0.6729 -0.7268
vn -0.1377 -0.6729 -0.7268
vn -0.1378 0.6729 0.7268
vn 0.1378 0.6729 -0.7268
vn 0.1377 0.6729 0.7268
vn -0.6590 -0.4164 -0.6264
vn 0.1377 -0.6729 0.7268
vn 0.4113 -0.5937 -0.6917
vn 0.6590 0.4164 -0.6264
vn -0.4113 0.5937 -0.6917
vn -0.1377 0.6729 -0.7268
vn 0.4953 0.6302 -0.5979
vn 0.8834 0.2320 -0.4072
vn 0.8819 0.2380 0.4070
vn 0.4953 0.6303 0.5979
vn -0.4953 0.6302 0.5979
vn -0.8819 0.2380 0.4070
vn -0.8834 0.2320 -0.4072
vn -0.4953 0.6302 -0.5979
vn -0.1114 0.7188 0.6862
vn 0.1114 0.7188 -0.6862
vn -0.1114 0.7188 -0.6862
vn 0.1114 0.7188 0.6862
vn -0.9168 0.0262 0.3984
vn 0.9168 0.0262 0.3984
vn -0.3402 0.6931 -0.6355
vn -0.9872 0.1546 -0.0389
vn -0.8574 0.3923 -0.3331
vn 0.9872 0.1546 -0.0389
vn 0.8574 0.3923 -0.3331
vn 0.3403 0.6930 -0.6355
vn 0.8709 0.2758 -0.4068
vn 0.8039 -0.4206 0.4205
vn -0.7958 0.3779 0.4732
vn 0.9220 0.1630 0.3512
vn -0.9220 0.1630 0.3512
vn 0.0136 0.9840 0.1775
vn -0.9359 0.0376 -0.3502
vn 0.6284 0.7492 -0.2093
vn -0.6284 0.7492 -0.2093
vn -0.6288 0.7451 0.2222
vn 0.7055 0.7046 0.0760
vn 0.6288 0.7451 0.2222
vn 0.6308 0.7282 -0.2681
vn -0.6308 0.7282 -0.2681
vn -0.6317 0.7220 0.2822
vn 0.6317 0.7220 0.2822
vn 0.6732 0.4749 0.5667
vn -0.6980 0.4625 0.5467
vn 0.6980 0.4625 0.5467
vn 0.6980 0.4625 -0.5467
vn -0.8709 0.2758 -0.4068
vt 0.507739 0.298256
vt 0.573260 0.099948
vt 0.575068 0.298256
vt 0.653244 0.879388
vt 0.718766 0.099948
vt 0.718766 0.879388
vt 0.505931 0.298256
vt 0.434986 0.099947
vt 0.507739 0.099947
vt 0.580492 0.879388
vt 0.653244 0.099948
vt 0.653244 0.879388
vt 0.727909 0.855892
vt 0.718766 0.099947
vt 0.727909 0.123443
vt 0.764300 0.855892
vt 0.755337 0.099947
vt 0.764300 0.123443
vt 0.791187 0.879388
vt 0.782224 0.123443
vt 0.791187 0.099947
vt 0.782224 0.855892
vt 0.773262 0.099947
vt 0.773262 0.879388
vt 0.755337 0.879388
vt 0.746194 0.123443
vt 0.755337 0.099948
vt 0.737051 0.879388
vt 0.737051 0.099948
vt 0.500508 0.893181
vt 0.434986 0.694872
vt 0.502316 0.694872
vt 0.434986 0.496564
vt 0.504123 0.496564
vt 0.434986 0.298256
vt 0.507739 0.893181
vt 0.578684 0.694872
vt 0.580492 0.893181
vt 0.507739 0.694872
vt 0.576876 0.496564
vt 0.507739 0.496564
vt 0.602107 0.845612
vt 0.371032 0.842227
vt 0.602107 0.842111
vt 0.622744 0.528546
vt 0.560356 0.514554
vt 0.560356 0.511053
vt 0.712249 0.783536
vt 0.471807 0.780155
vt 0.712249 0.780035
vt 0.495775 0.313773
vt 0.558165 0.327660
vt 0.558165 0.331134
vt 0.605030 0.721568
vt 0.478931 0.689213
vt 0.643827 0.689138
vt 0.572113 0.845628
vt 0.796006 0.874065
vt 0.606156 0.874160
vt 0.719359 0.365000
vt 0.631485 0.400421
vt 0.674932 0.364622
vt 0.471805 0.748671
vt 0.712247 0.748550
vt 0.699587 0.076450
vt 0.679067 0.078755
vt 0.679067 0.076460
vt 0.371030 0.810743
vt 0.602105 0.810627
vt 0.667000 0.460280
vt 0.729386 0.429003
vt 0.729389 0.460249
vt 0.866137 0.798237
vt 0.937421 0.810459
vt 0.866138 0.810495
vt 0.440134 0.721643
vt 0.430048 0.689243
vt 0.400522 0.748706
vt 0.400521 0.736448
vt 0.471804 0.736413
vt 0.937423 0.841943
vt 0.866140 0.841979
vt 0.708928 0.226197
vt 0.646686 0.241032
vt 0.664664 0.226219
vt 0.395922 0.800267
vt 0.584915 0.783599
vt 0.622742 0.479539
vt 0.560209 0.469018
vt 0.622596 0.468987
vt 0.712246 0.731964
vt 0.495770 0.228943
vt 0.558160 0.241077
vt 0.495771 0.241108
vt 0.391251 0.721673
vt 0.409821 0.689255
vt 0.937420 0.798201
vt 0.966917 0.810444
vt 0.371025 0.736463
vt 0.727598 0.738730
vt 0.625696 0.810615
vt 0.625695 0.794029
vt 0.727600 0.780027
vt 0.727598 0.748543
vt 0.559991 0.845634
vt 0.594035 0.874166
vt 0.650734 0.184908
vt 0.713031 0.178050
vt 0.713121 0.184877
vt 0.727601 0.783528
vt 0.866140 0.845480
vt 0.625698 0.842100
vt 0.966915 0.783408
vt 0.735840 0.780023
vt 0.966915 0.779907
vt 0.522676 0.541401
vt 0.571633 0.624346
vt 0.472122 0.541426
vt 0.371032 0.845728
vt 0.587529 0.874169
vt 0.405076 0.874261
vt 0.735838 0.748538
vt 0.966913 0.748423
vt 0.942019 0.737972
vt 0.753024 0.721494
vt 0.610344 0.800810
vt 0.610346 0.842107
vt 0.610344 0.810623
vt 0.610347 0.845608
vt 0.625698 0.845601
vt 0.735840 0.783524
vt 0.558165 0.331134
vt 0.620561 0.312896
vt 0.620554 0.331103
vt 0.553486 0.845637
vt 0.621701 0.902289
vt 0.662506 0.929991
vt 0.656001 0.929994
vt 0.628207 0.902285
vt 0.682943 0.331072
vt 0.745338 0.312834
vt 0.745332 0.331040
vt 0.682950 0.312865
vt 0.444193 0.123511
vt 0.470493 0.134299
vt 0.419261 0.134325
vt 0.439247 0.902380
vt 0.421567 0.541452
vt 0.470524 0.624397
vt 0.371013 0.541477
vt 0.521079 0.624372
vt 0.775509 0.184846
vt 0.837807 0.177988
vt 0.837897 0.184815
vt 0.775419 0.178019
vt 0.674628 0.929985
vt 0.640328 0.902279
vt 0.468845 0.656814
vt 0.487414 0.624396
vt 0.507642 0.624384
vt 0.448618 0.656826
vt 0.370993 0.229005
vt 0.433382 0.241139
vt 0.370994 0.241170
vt 0.433381 0.228974
vt 0.747518 0.479476
vt 0.684984 0.468956
vt 0.747372 0.468925
vt 0.685130 0.479508
vt 0.620401 0.226241
vt 0.558160 0.241077
vt 0.576138 0.226263
vt 0.602423 0.241055
vt 0.517728 0.656784
vt 0.556524 0.624354
vt 0.542220 0.429097
vt 0.604612 0.460311
vt 0.542223 0.460342
vt 0.604608 0.411674
vt 0.439574 0.078562
vt 0.475759 0.077705
vt 0.474360 0.078858
vt 0.476968 0.078857
vt 0.509517 0.077831
vt 0.510725 0.078840
vt 0.630668 0.364644
vt 0.543122 0.400866
vt 0.586569 0.365066
vt 0.587221 0.400443
vt 0.864477 0.929890
vt 0.830178 0.902184
vt 0.682624 0.656709
vt 0.721421 0.624279
vt 0.370999 0.327753
vt 0.433387 0.313804
vt 0.370999 0.331228
vt 0.433386 0.310330
vt 0.747519 0.514460
vt 0.685132 0.528515
vt 0.747519 0.510959
vt 0.685132 0.532015
vt 0.581084 0.512365
vt 0.726790 0.491772
vt 0.726791 0.512292
vt 0.581083 0.491845
vt 0.560355 0.479570
vt 0.622743 0.491824
vt 0.677942 0.526038
vt 0.629934 0.526062
vt 0.685130 0.491793
vt 0.384207 0.378118
vt 0.371004 0.398907
vt 0.371002 0.376896
vt 0.529916 0.378045
vt 0.485415 0.360753
vt 0.543120 0.376810
vt 0.529917 0.398410
vt 0.493911 0.400891
vt 0.488257 0.398431
vt 0.370983 0.078910
vt 0.406912 0.077426
vt 0.405513 0.078579
vt 0.560072 0.077806
vt 0.561280 0.078814
vt 0.440973 0.077409
vt 0.593830 0.077789
vt 0.595038 0.078798
vt 0.658547 0.078766
vt 0.385920 0.206953
vt 0.410871 0.194460
vt 0.425800 0.206920
vt 0.955616 0.134056
vt 0.927251 0.111891
vt 0.955614 0.111877
vt 0.485517 0.206890
vt 0.510460 0.194423
vt 0.525390 0.206883
vt 0.428705 0.360781
vt 0.433056 0.364475
vt 0.420215 0.400927
vt 0.425868 0.398462
vt 0.481065 0.364451
vt 0.384208 0.398483
vt 0.543122 0.398821
vt 0.778597 0.419778
vt 0.729388 0.444041
vt 0.729387 0.421862
vt 0.901503 0.443955
vt 0.852292 0.419741
vt 0.901502 0.421776
vt 0.843801 0.460192
vt 0.704788 0.225828
vt 0.763166 0.211934
vt 0.745879 0.226178
vt 0.370984 0.089346
vt 0.399348 0.111512
vt 0.370985 0.111526
vt 0.623765 0.226239
vt 0.681841 0.211604
vt 0.664553 0.225848
vt 0.470588 0.194430
vt 0.722075 0.211584
vt 0.476542 0.927165
vt 0.449466 0.905295
vt 0.616632 0.927094
vt 0.473547 0.930086
vt 0.580013 0.905229
vt 0.461820 0.914943
vt 0.565291 0.893008
vt 0.601911 0.914873
vt 0.520392 0.134274
vt 0.546550 0.123546
vt 0.571517 0.134249
vt 0.655525 0.192855
vt 0.638770 0.206826
vt 0.888172 0.127046
vt 0.868996 0.134100
vt 0.860248 0.127060
vt 0.851580 0.134108
vt 0.807198 0.118585
vt 0.832965 0.118572
vt 0.746792 0.089158
vt 0.762691 0.083821
vt 0.778591 0.089142
vt 0.879503 0.119753
vt 0.851579 0.119767
vt 0.730893 0.089166
vt 0.714993 0.083805
vt 0.746792 0.083789
vt 0.868713 0.531923
vt 0.868714 0.523347
vt 0.898380 0.527170
vt 0.777228 0.531969
vt 0.747554 0.527246
vt 0.777229 0.523393
vt 0.784071 0.400745
vt 0.719359 0.366749
vt 0.740811 0.364507
vt 0.868680 0.484002
vt 0.744061 0.595134
vt 0.773006 0.540518
vt 0.773620 0.596149
vt 0.622182 0.540594
vt 0.652578 0.595180
vt 0.622797 0.596224
vt 0.858203 0.400708
vt 0.841575 0.366687
vt 0.876329 0.395800
vt 0.777194 0.484048
vt 0.747518 0.486107
vt 0.744101 0.624255
vt 0.652617 0.624301
vt 0.622835 0.624321
vt 0.747522 0.461165
vt 0.777198 0.460225
vt 0.898348 0.461090
vt 0.898344 0.486031
vt 0.814943 0.364470
vt 0.852936 0.594534
vt 0.910710 0.557914
vt 0.962857 0.600639
vt 0.868684 0.460179
vt 0.773655 0.579865
vt 0.792340 0.557973
vt 0.651881 0.532032
vt 0.743365 0.531986
vt 0.508068 0.532104
vt 0.450290 0.495542
vt 0.560210 0.489327
vt 0.371011 0.510290
vt 0.454305 0.465868
vt 0.377045 0.441968
vt 0.371006 0.429999
vt 0.473804 0.400964
vt 0.676175 0.105681
vt 0.688158 0.103732
vt 0.686794 0.111368
vt 0.927253 0.134070
vt 0.901938 0.122608
vt 0.922144 0.122598
vt 0.664376 0.101859
vt 0.652392 0.099923
vt 0.663012 0.094224
vt 0.776863 0.111323
vt 0.802136 0.122509
vt 0.781929 0.122519
vt 0.676167 0.104323
vt 0.676175 0.111373
vt 0.807209 0.083284
vt 0.785688 0.083295
vt 0.654890 0.075724
vt 0.642173 0.078774
vt 0.638517 0.075732
vt 0.781926 0.134143
vt 0.922211 0.112699
vt 0.699948 0.101257
vt 0.568925 0.258351
vt 0.565437 0.276679
vt 0.558130 0.255547
vt 0.427747 0.153252
vt 0.371056 0.134349
vt 0.427815 0.134321
vt 0.674564 0.256171
vt 0.678054 0.274497
vt 0.667260 0.277310
vt 0.889057 0.165767
vt 0.945814 0.184761
vt 0.889055 0.184789
vt 0.606780 0.253711
vt 0.607874 0.257981
vt 0.539480 0.083647
vt 0.492392 0.089286
vt 0.499211 0.083668
vt 0.717003 0.274827
vt 0.776386 0.255727
vt 0.715910 0.279098
vt 0.776386 0.253468
vt 0.837456 0.278827
vt 0.807472 0.279053
vt 0.821573 0.330934
vt 0.824670 0.301528
vt 0.856881 0.301444
vt 0.658234 0.089203
vt 0.714991 0.086004
vt 0.714994 0.089174
vt 0.667260 0.277021
vt 0.661003 0.279126
vt 0.806370 0.253242
vt 0.882013 0.279015
vt 0.789362 0.331019
vt 0.780647 0.301482
vt 0.427480 0.301400
vt 0.397905 0.279516
vt 0.454387 0.279229
vt 0.571516 0.115922
vt 0.615663 0.134227
vt 0.843054 0.206724
vt 0.786403 0.226158
vt 0.763166 0.206764
vt 0.804882 0.331233
vt 0.854179 0.360568
vt 0.755590 0.360617
vt 0.615663 0.134227
vt 0.659808 0.115885
vt 0.659809 0.134204
vt 0.511080 0.279459
vt 0.694657 0.331066
vt 0.645365 0.360672
vt 0.596070 0.331115
vt 0.550103 0.347787
vt 0.371001 0.360810
vt 0.386522 0.347869
vt 0.370990 0.179345
vt 0.609531 0.184929
vt 0.370990 0.185048
vt 0.696945 0.301523
vt 0.868407 0.287534
vt 0.885293 0.301429
vt 0.638517 0.077255
vt 0.626615 0.076759
vt 0.625471 0.075075
vt 0.963297 0.200958
vt 0.724756 0.206783
vt 0.724756 0.201077
vt 0.565605 0.334803
vt 0.402024 0.334885
vt 0.597781 0.102232
vt 0.582368 0.111421
vt 0.566952 0.102248
vt 0.525757 0.106886
vt 0.532485 0.102195
vt 0.532485 0.105929
vt 0.517071 0.111453
vt 0.507544 0.105741
vt 0.536643 0.108422
vt 0.528327 0.108426
vt 0.539213 0.106879
vt 0.547900 0.111438
vt 0.557426 0.105716
vt 0.907999 0.086273
vt 0.919311 0.087460
vt 0.902269 0.088578
vt 0.815140 0.152452
vt 0.829734 0.147280
vt 0.833328 0.148332
vt 0.893034 0.085123
vt 0.887861 0.086849
vt 0.821009 0.153055
vt 0.838142 0.148848
vt 0.899523 0.089082
vt 0.882687 0.088564
vt 0.882687 0.089090
vt 0.828600 0.086929
vt 0.880930 0.087445
vt 0.501128 0.106470
vt 0.496417 0.109096
vt 0.489999 0.106633
vt 0.774424 0.132773
vt 0.763580 0.130142
vt 0.776864 0.130662
vt 0.616571 0.077279
vt 0.844266 0.144430
vt 0.844956 0.146365
vt 0.811407 0.089126
vt 0.807210 0.087206
vt 0.889868 0.148255
vt 0.888316 0.150284
vt 0.753204 0.134158
vt 0.691841 0.129614
vt 0.759874 0.132202
vt 0.432816 0.111495
vt 0.426399 0.109032
vt 0.697226 0.127619
vt 0.914079 0.149726
vt 0.911567 0.153010
vt 0.906752 0.152494
vt 0.908305 0.150465
vt 0.686850 0.131634
vt 0.664800 0.132184
vt 0.405765 0.108984
vt 0.399348 0.106521
vt 0.670185 0.130188
vt 0.623765 0.226239
vt 0.370992 0.217565
vt 0.623765 0.217439
vt 0.605802 0.078792
vt 0.595039 0.069997
vt 0.605803 0.069991
vt 0.962252 0.240874
vt 0.708928 0.232200
vt 0.962251 0.232074
vt 0.605803 0.070059
vt 0.616571 0.078787
vt 0.605804 0.078792
vt 0.607853 0.147569
vt 0.427816 0.153252
vt 0.434513 0.147656
vt 0.607853 0.148306
vt 0.813337 0.153059
vt 0.613316 0.153159
vt 0.579561 0.247236
vt 0.370994 0.253460
vt 0.371036 0.247341
vt 0.680059 0.284214
vt 0.521573 0.292894
vt 0.532112 0.284288
vt 0.669519 0.292820
vt 0.511082 0.301617
vt 0.788090 0.241054
vt 0.579564 0.246944
vt 0.579561 0.241159
vt 0.788093 0.246840
vt 0.579562 0.253356
vt 0.389157 0.279262
vt 0.549055 0.271582
vt 0.558132 0.279177
vt 0.760388 0.076742
vt 0.756286 0.078717
vt 0.753924 0.076773
vt 0.380081 0.271666
vt 0.539969 0.264019
vt 0.579519 0.241066
vt 0.370994 0.241170
vt 0.719145 0.076488
vt 0.710860 0.078740
vt 0.713542 0.076498
vt 0.386610 0.124056
vt 0.370986 0.129312
vt 0.377159 0.122187
vt 0.931718 0.146089
vt 0.916094 0.140849
vt 0.928793 0.142716
vt 0.394522 0.121665
vt 0.393854 0.117142
vt 0.939630 0.148472
vt 0.922267 0.147968
vt 0.411294 0.117134
vt 0.402787 0.121661
vt 0.956403 0.152987
vt 0.938963 0.152996
vt 0.406562 0.124046
vt 0.419261 0.122166
vt 0.951670 0.146079
vt 0.947895 0.148468
vt 0.413088 0.129291
vt 0.403637 0.127423
vt 0.948745 0.142706
vt 0.964369 0.147947
vt 0.395725 0.129813
vt 0.396393 0.134336
vt 0.941499 0.135799
vt 0.958196 0.140828
vt 0.378953 0.134345
vt 0.387461 0.129817
vt 0.932568 0.140327
vt 0.940832 0.140323
vt 0.383685 0.127433
vt 0.924060 0.135807
vt 0.612478 0.083464
vt 0.624517 0.081071
vt 0.635355 0.086827
vt 0.655307 0.086817
vt 0.647395 0.089208
vt 0.639130 0.089212
vt 0.777945 0.074374
vt 0.775021 0.078707
vt 0.775021 0.074395
vt 0.789664 0.078700
vt 0.792406 0.074384
vt 0.792406 0.078698
vt 0.769197 0.078710
vt 0.772121 0.074377
vt 0.772121 0.078689
vt 0.786626 0.078701
vt 0.789664 0.074388
vt 0.786625 0.074388
vt 0.783884 0.078703
vt 0.783884 0.074391
vt 0.780845 0.074392
vt 0.777945 0.078686
vt 0.780845 0.078704
vt 0.780845 0.074391
vt 0.730359 0.078722
vt 0.738651 0.076485
vt 0.735969 0.078727
vt 0.747477 0.078693
vt 0.751562 0.076774
vt 0.753924 0.078718
vt 0.724755 0.076492
vt 0.716463 0.078729
vt 0.766835 0.076767
vt 0.762750 0.078685
vt 0.724755 0.078733
vt 0.733041 0.076481
vt 0.741013 0.078724
vt 0.745115 0.076749
vt 0.655526 0.197976
vt 0.685005 0.193734
vt 0.660181 0.206816
vt 0.689019 0.206801
vt 0.640306 0.101253
vt 0.632702 0.111395
vt 0.620616 0.101263
vt 0.706683 0.191015
vt 0.707091 0.206539
vt 0.864372 0.101104
vt 0.832315 0.111295
vt 0.844034 0.101115
vt 0.607308 0.101489
vt 0.633919 0.161589
vt 0.633920 0.161095
vt 0.634812 0.161390
vt 0.611413 0.088848
vt 0.612446 0.088814
vt 0.612478 0.089226
vt 0.867376 0.175958
vt 0.861859 0.183932
vt 0.866337 0.175412
vt 0.837896 0.171746
vt 0.862721 0.184802
vt 0.842550 0.162901
vt 0.839061 0.171942
vt 0.888506 0.178167
vt 0.843546 0.163426
vt 0.871388 0.162887
vt 0.871978 0.163414
vt 0.539480 0.079345
vt 0.562881 0.089250
vt 0.539481 0.089262
vt 0.492391 0.078849
vt 0.463400 0.089300
vt 0.475789 0.078857
vt 0.797346 0.100759
vt 0.810163 0.111307
vt 0.633174 0.184917
vt 0.609773 0.174937
vt 0.633173 0.174925
vt 0.633024 0.161401
vt 0.602209 0.081557
vt 0.594478 0.089235
vt 0.586667 0.081912
vt 0.609529 0.153161
vt 0.609623 0.161413
vt 0.650561 0.154122
vt 0.650643 0.161208
vt 0.446660 0.082157
vt 0.446665 0.089309
vt 0.422365 0.089321
vt 0.463395 0.082871
vt 0.463400 0.089249
vt 0.915767 0.108238
vt 0.864373 0.111279
vt 0.864393 0.108264
vt 0.746768 0.102804
vt 0.705126 0.107064
vt 0.710319 0.102823
vt 0.741575 0.107045
vt 0.699956 0.111362
vt 0.422358 0.083311
vt 0.370985 0.086188
vt 0.370984 0.083337
vt 0.422360 0.086162
vt 0.755717 0.111334
vt 0.792875 0.107570
vt 0.797347 0.111313
vt 0.802438 0.077721
vt 0.800417 0.078695
vt 0.799253 0.077737
vt 0.751245 0.107591
vt 0.788398 0.103844
vt 0.915746 0.105198
vt 0.864373 0.105223
vt 0.796489 0.077589
vt 0.792406 0.078699
vt 0.793727 0.077594
vt 0.570579 0.085842
vt 0.562881 0.083260
vt 0.569138 0.084180
vt 0.574478 0.087016
vt 0.565922 0.086768
vt 0.578550 0.087014
vt 0.574149 0.089245
vt 0.586667 0.086758
vt 0.582742 0.089240
vt 0.578969 0.084175
vt 0.580410 0.085837
vt 0.575070 0.083001
vt 0.583626 0.083250
vt 0.566806 0.080776
vt 0.575399 0.080772
vt 0.570998 0.083003
vt 0.699587 0.075906
vt 0.705520 0.074727
vt 0.710860 0.077564
vt 0.806778 0.078691
vt 0.808219 0.076556
vt 0.808219 0.078681
vt 0.812496 0.076563
vt 0.811145 0.078689
vt 0.811145 0.076564
vt 0.809648 0.078690
vt 0.809648 0.076564
vt 0.809648 0.076565
vt 0.799253 0.077591
vt 0.795167 0.078693
vt 0.805614 0.077734
vt 0.803602 0.078679
vt 0.097699 0.159473
vt 0.125251 0.326990
vt 0.097699 0.326990
vt 0.125251 0.159473
vt 0.127967 0.326990
vt 0.097699 0.494508
vt 0.038787 0.326990
vt 0.038787 0.494508
vt 0.025336 0.326990
vt 0.025336 0.494508
vt 0.020376 0.326990
vt 0.020376 0.159473
vt 0.025336 0.159473
vt 0.038787 0.159473
vt 0.127967 0.494508
vt 0.125251 0.494508
vt 0.229259 0.955141
vt 0.302513 0.958483
vt 0.302371 0.975873
vt 0.229259 0.516563
vt 0.302513 0.513222
vt 0.229401 0.533993
vt 0.310258 0.959819
vt 0.310116 0.977196
vt 0.310258 0.511885
vt 0.302371 0.495831
vt 0.310116 0.494508
vt 0.072337 0.542386
vt 0.072337 0.929318
vt 0.072195 0.946815
vt 0.072195 0.524889
vt 0.034661 0.512036
vt 0.034518 0.494508
vt 0.034661 0.959668
vt 0.034518 0.977196
vt 0.020519 0.514433
vt 0.020519 0.957271
vt 0.020376 0.974780
vt 0.312075 0.737175
vt 0.230756 0.771640
vt 0.304330 0.735852
vt 0.203128 0.368962
vt 0.229010 0.335197
vt 0.228872 0.368962
vt 0.231616 0.368963
vt 0.229401 0.937711
vt 0.073032 0.844157
vt 0.147223 0.335199
vt 0.203267 0.335198
vt 0.229010 0.402728
vt 0.203267 0.402728
vt 0.230756 0.700064
vt 0.312075 0.734529
vt 0.231755 0.402728
vt 0.073032 0.627547
vt 0.147223 0.402727
vt 0.147085 0.368962
vt 0.268370 0.248386
vt 0.295812 0.254320
vt 0.304986 0.271709
vt 0.231755 0.271709
vt 0.268370 0.494508
vt 0.035584 0.846552
vt 0.133118 0.335199
vt 0.133118 0.402726
vt 0.132979 0.368962
vt 0.035584 0.625151
vt 0.021442 0.844136
vt 0.127967 0.368962
vt 0.128106 0.335199
vt 0.021442 0.627568
vt 0.020376 0.046259
vt 0.056991 0.022804
vt 0.056991 0.159473
vt 0.084431 0.028738
vt 0.093606 0.046259
vt 0.323415 0.559131
vt 0.015230 0.586023
vt 0.015230 0.559131
vt 0.189959 0.232334
vt 0.247055 0.196344
vt 0.247055 0.232334
vt 0.231688 0.815089
vt 0.231688 0.711074
vt 0.239990 0.704756
vt 0.027585 0.154000
vt 0.099234 0.149464
vt 0.110262 0.154000
vt 0.122617 0.159083
vt 0.301860 0.711074
vt 0.301860 0.815089
vt 0.294166 0.827741
vt 0.239990 0.827741
vt 0.279089 0.141770
vt 0.246801 0.149464
vt 0.230004 0.141770
vt 0.122617 0.149464
vt 0.217649 0.144381
vt 0.230004 0.149464
vt 0.287970 0.232334
vt 0.138243 0.815089
vt 0.138243 0.711074
vt 0.144192 0.704756
vt 0.134971 0.154000
vt 0.206621 0.149464
vt 0.217649 0.154000
vt 0.230004 0.159083
vt 0.188529 0.711074
vt 0.188529 0.815089
vt 0.183015 0.827741
vt 0.144192 0.827741
vt 0.110262 0.144381
vt 0.038613 0.139845
vt 0.099234 0.139845
vt 0.015230 0.149464
vt 0.122617 0.149464
vt 0.015230 0.773497
vt 0.323415 0.765703
vt 0.323415 0.773497
vt 0.323415 0.552239
vt 0.015230 0.552239
vt 0.015230 0.765703
vt 0.323415 0.739804
vt 0.188529 0.799575
vt 0.188529 0.501828
vt 0.231688 0.501828
vt 0.231688 0.520631
vt 0.323415 0.659489
vt 0.015230 0.674854
vt 0.015230 0.659489
vt 0.015230 0.356540
vt 0.323415 0.341176
vt 0.323415 0.356540
vt 0.323415 0.586024
vt 0.015230 0.430006
vt 0.323415 0.430006
vt 0.015230 0.437555
vt 0.323415 0.430006
vt 0.323415 0.437556
vt 0.323415 0.305586
vt 0.015230 0.311274
vt 0.015230 0.305586
vt 0.323415 0.674854
vt 0.015230 0.704756
vt 0.239990 0.485768
vt 0.183015 0.485768
vt 0.016772 0.267112
vt 0.040924 0.250413
vt 0.025747 0.287309
vt 0.125243 0.232334
vt 0.079945 0.232334
vt 0.115964 0.159083
vt 0.323415 0.311274
vt 0.015230 0.341175
vt 0.015230 0.860155
vt 0.530871 -0.000000
vt 0.542987 0.999919
vt 0.530871 0.999919
vt 0.590159 -0.000000
vt 0.604601 0.999981
vt 0.590159 0.999862
vt 0.575182 0.000000
vt 0.590159 0.999765
vt 0.575182 0.999765
vt 0.819300 0.196507
vt 0.817686 0.052515
vt 0.819300 0.078465
vt 0.604601 0.000131
vt 0.618830 0.999869
vt 0.604601 1.000000
vt 0.518754 -0.000000
vt 0.518754 0.999919
vt 0.816978 0.796869
vt 0.815772 0.659438
vt 0.816978 0.678827
vt 0.710775 -0.000000
vt 0.691871 0.603294
vt 0.691871 0.000174
vt 0.822052 0.833345
vt 0.815772 0.816257
vt 0.822052 0.642350
vt 0.822512 0.610978
vt 0.826678 0.737848
vt 0.822512 0.864717
vt 0.825187 0.737848
vt 0.709163 0.633670
vt 0.696141 0.633790
vt 0.672684 0.000000
vt 0.691871 0.603273
vt 0.672684 0.603116
vt 0.559085 -0.000000
vt 0.542987 0.603150
vt 0.542987 -0.000000
vt 0.672684 0.000000
vt 0.652787 0.603058
vt 0.652787 0.000000
vt 0.575181 -0.000000
vt 0.559085 0.603150
vt 0.702631 0.667174
vt 0.710144 0.721190
vt 0.702631 0.775206
vt 0.674541 0.633672
vt 0.547995 0.633561
vt 0.672684 0.603058
vt 0.655882 0.633673
vt 0.570174 0.633561
vt 0.559085 0.633561
vt 0.740249 0.906859
vt 0.736096 0.745364
vt 0.740249 0.745403
vt 0.824374 0.041988
vt 0.824990 0.000000
vt 0.824374 0.232984
vt 0.817686 0.222457
vt 0.829505 0.137486
vt 0.827510 0.137486
vt 0.824990 0.274972
vt 0.815772 0.748464
vt 0.803953 0.833436
vt 0.803953 0.663493
vt 0.570830 0.633595
vt 0.574983 0.797438
vt 0.570830 0.797472
vt 0.830831 0.748464
vt 0.826678 0.885951
vt 0.826678 0.748464
vt 0.784811 0.800190
vt 0.780658 0.630248
vt 0.784811 0.630248
vt 0.826678 0.610978
vt 0.830831 0.610978
vt 0.710775 -0.000000
vt 0.734400 0.449510
vt 0.710775 0.449508
vt 0.758025 0.157562
vt 0.781208 0.000000
vt 0.786976 0.157562
vt 0.758025 0.449064
vt 0.734400 -0.000000
vt 0.758025 0.000033
vt 0.786976 0.472686
vt 0.763793 0.630248
vt 0.758025 0.472686
vt 0.786976 0.295854
vt 0.810700 0.453416
vt 0.787077 0.453416
vt 0.834326 0.610978
vt 0.810700 0.453416
vt 0.834327 0.453416
vt 0.810700 0.295854
vt 0.834327 0.295854
vt 0.810599 0.610978
vt 0.786976 0.610978
vt 0.763793 0.315124
vt 0.781208 0.315124
vt 0.631564 0.771525
vt 0.634877 0.439079
vt 0.635809 0.771525
vt 0.817686 0.073964
vt 0.802658 0.027360
vt 0.817686 0.000000
vt 0.648543 0.769357
vt 0.651823 0.438613
vt 0.652787 0.769357
vt 0.710775 0.671401
vt 0.725802 0.718005
vt 0.710775 0.745364
vt 0.791221 0.906832
vt 0.786976 0.832869
vt 0.791221 0.832869
vt 0.802658 0.268495
vt 0.798860 0.226296
vt 0.802658 0.208211
vt 0.636732 0.438613
vt 0.640503 0.354642
vt 0.640505 0.438613
vt 0.619786 0.439079
vt 0.623559 0.355018
vt 0.623559 0.439079
vt 0.725802 0.476870
vt 0.729601 0.519068
vt 0.725802 0.537153
vt 0.729601 0.675806
vt 0.729601 0.718005
vt 0.725802 0.657721
vt 0.714547 0.902102
vt 0.710775 0.745364
vt 0.714547 0.745364
vt 0.798860 0.069558
vt 0.798860 0.027360
vt 0.802658 0.087643
vt 0.791221 0.684942
vt 0.791221 0.610978
vt 0.786976 0.684942
vt 0.710775 0.523474
vt 0.710775 0.449510
vt 0.817686 0.221891
vt 0.817686 0.295854
vt 0.646038 0.799093
vt 0.651392 0.769357
vt 0.651392 0.799093
vt 0.629059 0.801262
vt 0.634414 0.771525
vt 0.634414 0.801262
vt 0.729601 0.476869
vt 0.741484 0.519068
vt 0.798860 0.268495
vt 0.786976 0.226296
vt 0.741484 0.718005
vt 0.786976 0.027360
vt 0.629059 0.860734
vt 0.634414 0.830998
vt 0.634414 0.860734
vt 0.646038 0.858566
vt 0.651392 0.828829
vt 0.651392 0.858566
vt 0.799709 0.832869
vt 0.795465 0.684942
vt 0.799709 0.684942
vt 0.795465 0.610978
vt 0.799709 0.610978
vt 0.722093 0.902102
vt 0.718320 0.745364
vt 0.722093 0.745364
vt 0.627331 0.439079
vt 0.631104 0.355018
vt 0.631104 0.439079
vt 0.644277 0.438613
vt 0.648048 0.354641
vt 0.648050 0.438613
vt 0.799709 0.906832
vt 0.795465 0.832869
vt 0.644298 0.769357
vt 0.640053 0.769357
vt 0.627319 0.771525
vt 0.623075 0.771525
vt 0.618830 0.771525
vt 0.651821 0.354641
vt 0.629059 0.830998
vt 0.646038 0.828829
vt 0.718320 0.902102
vt 0.627331 0.355018
vt 0.795465 0.906832
vt 0.635809 0.769357
vt 0.803953 0.906832
vt 0.803953 0.832869
vt 0.634877 0.355018
vt 0.725866 0.902102
vt 0.725866 0.745364
vt 0.803953 0.684942
vt 0.803953 0.610978
vt 0.646038 0.888302
vt 0.651392 0.888302
vt 0.629059 0.890471
vt 0.634414 0.890471
vt 0.786012 0.800190
vt 0.780658 0.817018
vt 0.780658 0.800190
vt 0.644276 0.354641
vt 0.672494 0.775774
vt 0.669050 0.633680
vt 0.672494 0.633673
vt 0.754217 0.804083
vt 0.757521 0.854686
vt 0.752841 0.854686
vt 0.834274 0.752406
vt 0.830831 0.610978
vt 0.834274 0.610991
vt 0.766683 0.898697
vt 0.763379 0.848094
vt 0.768059 0.848094
vt 0.672493 0.812668
vt 0.669050 0.775781
vt 0.672493 0.775781
vt 0.688670 0.660920
vt 0.690598 0.633781
vt 0.690598 0.660920
vt 0.631104 0.303888
vt 0.648047 0.303565
vt 0.746707 0.752951
vt 0.742934 0.804081
vt 0.744572 0.706827
vt 0.838099 0.346936
vt 0.834327 0.295854
vt 0.838099 0.295859
vt 0.633239 0.107362
vt 0.631103 0.010722
vt 0.634876 0.092076
vt 0.650178 0.107248
vt 0.648041 0.010710
vt 0.651815 0.091979
vt 0.744572 0.556425
vt 0.746707 0.459785
vt 0.747458 0.494187
vt 0.835964 0.543250
vt 0.838099 0.639790
vt 0.834327 0.558517
vt 0.638366 0.257490
vt 0.636724 0.091979
vt 0.638362 0.107248
vt 0.650181 0.257490
vt 0.742934 0.541139
vt 0.756387 0.706828
vt 0.758025 0.541141
vt 0.758025 0.804083
vt 0.621423 0.257763
vt 0.619785 0.092076
vt 0.621423 0.107361
vt 0.633239 0.257763
vt 0.847780 0.393024
vt 0.849417 0.558538
vt 0.847780 0.543267
vt 0.835964 0.393008
vt 0.627331 0.318779
vt 0.623558 0.303888
vt 0.644275 0.318441
vt 0.640502 0.303565
vt 0.750479 0.767843
vt 0.754252 0.804082
vt 0.750479 0.804082
vt 0.841872 0.332065
vt 0.845645 0.295870
vt 0.845645 0.346946
vt 0.624309 0.045123
vt 0.627331 -0.000000
vt 0.627331 0.036536
vt 0.641247 0.045076
vt 0.644268 0.000000
vt 0.644269 0.036498
vt 0.753501 0.494187
vt 0.750479 0.449064
vt 0.754252 0.459786
vt 0.844893 0.605435
vt 0.841872 0.650506
vt 0.841872 0.614008
vt 0.746707 0.804082
vt 0.841872 0.295865
vt 0.647290 0.045076
vt 0.750479 0.485600
vt 0.838850 0.605426
vt 0.619786 0.355018
vt 0.623558 0.010722
vt 0.630352 0.045123
vt 0.636730 0.354642
vt 0.754252 0.752952
vt 0.849417 0.295875
vt 0.640495 0.010711
vt 0.756387 0.556426
vt 0.845645 0.639801
vt 0.786012 0.817018
vt 0.780658 0.846755
vt 0.786012 0.876491
vt 0.786012 0.846755
vt 0.786012 0.893319
vt 0.780658 0.876491
vt 0.678038 0.865442
vt 0.672684 0.811870
vt 0.678038 0.811870
vt 0.558248 0.882237
vt 0.552894 0.904594
vt 0.552894 0.882237
vt 0.558248 0.858479
vt 0.552894 0.858479
vt 0.558248 0.834614
vt 0.552894 0.834614
vt 0.558248 0.811480
vt 0.552894 0.811480
vt 0.683393 0.811870
vt 0.688747 0.865442
vt 0.683393 0.865442
vt 0.707985 0.884891
vt 0.702631 0.901719
vt 0.702631 0.884891
vt 0.707985 0.855155
vt 0.707985 0.825418
vt 0.702631 0.855155
vt 0.702631 0.825418
vt 0.707985 0.808590
vt 0.758025 0.901666
vt 0.758025 0.848094
vt 0.662694 0.811730
vt 0.668048 0.834864
vt 0.662694 0.834864
vt 0.668048 0.858729
vt 0.662694 0.858729
vt 0.668048 0.882487
vt 0.662694 0.882487
vt 0.668048 0.904844
vt 0.683393 0.811870
vt 0.678038 0.865442
vt 0.678038 0.811870
vt 0.758087 0.739171
vt 0.780595 0.630248
vt 0.780658 0.739171
vt 0.688670 0.811690
vt 0.672684 0.633961
vt 0.688670 0.633781
vt 0.560070 0.811480
vt 0.542987 0.633561
vt 0.560070 0.633561
vt 0.845988 0.010308
vt 0.839805 0.045542
vt 0.846140 -0.000000
vt 0.669050 0.811730
vt 0.652787 0.633673
vt 0.669050 0.633820
vt 0.758025 0.848094
vt 0.780595 0.848094
vt 0.566481 0.649808
vt 0.560070 0.681372
vt 0.566720 0.633561
vt 0.854481 0.650506
vt 0.844644 0.769737
vt 0.844576 0.650506
vt 0.845988 0.228153
vt 0.839805 0.192919
vt 0.840201 0.186548
vt 0.850054 0.119230
vt 0.849565 0.119230
vt 0.846140 0.238461
vt 0.840201 0.051912
vt 0.844576 0.769737
vt 0.834327 0.843425
vt 0.834327 0.696048
vt 0.552894 0.951788
vt 0.542987 0.811569
vt 0.552894 0.811480
vt 0.652787 0.949642
vt 0.662694 0.811842
vt 0.662694 0.949754
vt 0.854481 0.888967
vt 0.854550 0.769737
vt 0.742934 0.804083
vt 0.752841 0.951460
vt 0.742934 0.951460
vt 0.736096 0.900082
vt 0.725866 0.745364
vt 0.736096 0.745364
vt 0.566481 0.867653
vt 0.570830 0.758731
vt 0.566720 0.883900
vt 0.570058 0.758731
vt 0.560694 0.826049
vt 0.560694 0.691413
vt 0.560070 0.836090
vt 0.691871 0.681601
vt 0.702631 0.758960
vt 0.691871 0.836319
vt 0.829505 0.000000
vt 0.839805 0.125170
vt 0.829577 0.125170
vt 0.635809 0.769449
vt 0.646038 0.916654
vt 0.635809 0.916747
vt 0.629059 0.916422
vt 0.629059 0.771641
vt 0.839733 0.250339
vt 0.829505 0.250339
vt 0.487390 0.750000
vt 0.456266 0.250000
vt 0.487390 0.250000
vt 0.487390 0.000000
vt 0.487390 0.750000
vt 0.518514 0.250000
vt 0.518514 0.750000
vt 0.487390 0.250000
vt 0.518514 0.000000
vt 0.411072 0.433013
vt 0.399774 0.866025
vt 0.365878 0.433013
vt 0.518514 0.500000
vt 0.549638 0.000000
vt 0.549638 0.500000
vt 0.456266 1.000000
vt 0.487390 1.000000
vt 0.456266 0.433013
vt 0.444968 0.866025
vt 0.422371 0.866025
vt 0.856619 0.429482
vt 0.821272 0.400750
vt 0.856586 0.400432
vt 0.561320 0.360921
vt 0.520509 0.332671
vt 0.561287 0.332303
vt 0.962563 0.428527
vt 0.927215 0.399795
vt 0.962530 0.399477
vt 0.927249 0.428845
vt 0.891900 0.400113
vt 0.520528 0.349138
vt 0.500153 0.361472
vt 0.438973 0.349873
vt 0.602097 0.360554
vt 0.602065 0.331936
vt 0.891934 0.429164
vt 0.651734 0.360106
vt 0.673217 0.350863
vt 0.673227 0.359913
vt 0.410613 0.357366
vt 0.438972 0.349470
vt 0.418598 0.362207
vt 0.385794 0.357590
vt 0.377821 0.362575
vt 0.357417 0.350205
vt 0.373376 0.350061
vt 0.377792 0.337467
vt 0.385777 0.342309
vt 0.418569 0.337099
vt 0.410595 0.342085
vt 0.423013 0.349614
vt 0.639325 0.360218
vt 0.602089 0.352913
vt 0.639308 0.344937
vt 0.694711 0.350669
vt 0.694721 0.359719
vt 0.716204 0.350476
vt 0.716215 0.359525
vt 0.762527 0.359108
vt 0.787335 0.349970
vt 0.787345 0.358884
vt 0.737708 0.359332
vt 0.762516 0.350193
vt 0.737697 0.350282
vt 0.737708 0.359332
vt 0.975350 0.663926
vt 0.357713 0.608667
vt 0.975280 0.603102
vt 0.589409 0.431890
vt 0.357432 0.362759
vt 0.513733 0.361350
vt 0.975146 0.484835
vt 0.357513 0.433979
vt 0.975081 0.428414
vt 0.821223 0.358579
vt 0.745711 0.430481
vt 0.357645 0.549533
vt 0.357713 0.608667
vt 0.975213 0.543968
vt 0.357578 0.490400
vt 0.431723 0.441418
vt 0.424950 0.000000
vt 0.431723 0.000000
vt 0.470106 0.441418
vt 0.470106 0.000000
vt 0.482103 0.445122
vt 0.479360 0.445122
vt 0.479291 0.424605
vt 0.434204 0.823429
vt 0.436947 0.823429
vt 0.434135 0.843946
vt 0.479360 0.767725
vt 0.482103 0.767725
vt 0.479291 0.788241
vt 0.436947 0.500826
vt 0.434204 0.500826
vt 0.434135 0.480310
vt 0.534358 0.420851
vt 0.532252 0.272157
vt 0.534358 0.271031
vt 0.530690 0.228115
vt 0.523916 0.271031
vt 0.523916 0.228114
vt 0.529346 0.422644
vt 0.526614 0.272805
vt 0.529346 0.272823
vt 0.531660 0.574238
vt 0.528929 0.424436
vt 0.531660 0.424418
vt 0.530690 0.000000
vt 0.523916 0.042916
vt 0.523916 0.000000
vt 0.526022 0.573591
vt 0.523916 0.422644
vt 0.526022 0.423770
vt 0.523916 0.165862
vt 0.530690 0.105169
vt 0.530690 0.165862
vt 0.523922 0.636510
vt 0.530695 0.697202
vt 0.523922 0.697202
vt 0.534358 0.573535
vt 0.523916 0.105169
vt 0.530690 0.042916
vt 0.523916 0.272101
vt 0.526614 0.422625
vt 0.523916 0.421922
vt 0.528929 0.574257
vt 0.532252 0.421978
vt 0.530690 0.574257
vt 0.530695 0.636510
vt 0.523916 0.759455
vt 0.530690 0.759455
vt 0.471266 0.454953
vt 0.475520 0.385714
vt 0.475423 0.403263
vt 0.430364 0.882837
vt 0.426110 0.813598
vt 0.430267 0.865288
vt 0.426110 0.510657
vt 0.430364 0.441419
vt 0.430267 0.458967
vt 0.475520 0.827133
vt 0.471266 0.757894
vt 0.475423 0.809584
vt 0.340184 0.001810
vt 0.344702 0.149821
vt 0.340184 0.151631
vt 0.424950 0.151631
vt 0.420432 -0.000000
vt 0.424950 0.001810
vt 0.508494 0.662128
vt 0.515268 0.523650
vt 0.515268 0.662128
vt 0.508500 0.441418
vt 0.515273 0.441418
vt 0.473442 0.576077
vt 0.473442 0.636770
vt 0.470106 0.675662
vt 0.428286 0.631782
vt 0.428286 0.692474
vt 0.424950 0.731367
vt 0.515273 0.744359
vt 0.451180 0.441419
vt 0.454741 0.441419
vt 0.452961 0.480807
vt 0.454741 0.882837
vt 0.451180 0.882837
vt 0.452961 0.843448
vt 0.398086 1.000000
vt 0.396153 0.149983
vt 0.399293 0.150702
vt 0.365434 0.000139
vt 0.368980 0.149983
vt 0.365840 0.150702
vt 0.399699 0.000139
vt 0.396153 0.000162
vt 0.367047 1.000000
vt 0.368980 0.998966
vt 0.382567 0.150074
vt 0.382567 0.000253
vt 0.420432 0.149821
vt 0.468382 0.441419
vt 0.442865 0.631782
vt 0.441700 0.569529
vt 0.508494 0.374177
vt 0.470106 0.000000
vt 0.508494 0.011537
vt 0.382567 0.999057
vt 0.508494 0.039389
vt 0.510275 -0.000000
vt 0.523916 0.000000
vt 0.344702 -0.000000
vt 0.382567 0.000253
vt 0.496858 0.413566
vt 0.496858 0.799280
vt 0.488021 0.576077
vt 0.507739 0.099948
vt 0.653244 0.099948
vt 0.580492 0.099947
vt 0.755337 0.879388
vt 0.746194 0.855892
vt 0.434986 0.893181
vt 0.622745 0.532047
vt 0.471807 0.783656
vt 0.495775 0.310299
vt 0.761962 0.845532
vt 0.675912 0.400799
vt 0.699588 0.078745
vt 0.666996 0.411643
vt 0.400524 0.780191
vt 0.690949 0.241010
vt 0.558159 0.228911
vt 0.371024 0.721685
vt 0.966916 0.798186
vt 0.371026 0.748721
vt 0.650644 0.178081
vt 0.622188 0.624321
vt 0.558172 0.312927
vt 0.495425 0.123485
vt 0.475759 0.077848
vt 0.372382 0.077757
vt 0.658546 0.076471
vt 0.370991 0.194493
vt 0.927253 0.134070
vt 0.787091 0.460220
vt 0.399347 0.089332
vt 0.641053 0.211995
vt 0.434745 0.893073
vt 0.495425 0.123571
vt 0.542146 0.192912
vt 0.896919 0.134086
vt 0.825813 0.134121
vt 0.754113 0.395861
vt 0.773658 0.624245
vt 0.856955 0.624204
vt 0.389698 0.532163
vt 0.439629 0.400918
vt 0.536032 0.419390
vt 0.439273 0.460394
vt 0.542221 0.431296
vt 0.473597 0.460377
vt 0.678222 0.094218
vt 0.896919 0.134086
vt 0.654441 0.111384
vt 0.807197 0.111308
vt 0.800112 0.089132
vt 0.802133 0.134133
vt 0.902005 0.112709
vt 0.699955 0.094207
vt 0.576344 0.279168
vt 0.370988 0.153280
vt 0.685470 0.253671
vt 0.945817 0.165738
vt 0.532661 0.089265
vt 0.770130 0.253629
vt 0.658232 0.086032
vt 0.850926 0.253431
vt 0.745340 0.330972
vt 0.370997 0.301687
vt 0.615662 0.115899
vt 0.866291 0.226118
vt 0.725123 0.342488
vt 0.884643 0.342408
vt 0.615662 0.115907
vt 0.484173 0.301630
vt 0.725123 0.349333
vt 0.565606 0.349413
vt 0.534582 0.360728
vt 0.609531 0.179225
vt 0.680059 0.287629
vt 0.638276 0.078776
vt 0.963297 0.206664
vt 0.607308 0.107901
vt 0.557426 0.107926
vt 0.923196 0.085108
vt 0.813337 0.152303
vt 0.832798 0.088849
vt 0.507545 0.108933
vt 0.620091 0.078785
vt 0.916094 0.151299
vt 0.370993 0.226366
vt 0.595038 0.078798
vt 0.708929 0.241001
vt 0.616571 0.070053
vt 0.601534 0.153165
vt 0.807439 0.148206
vt 0.579520 0.253356
vt 0.659028 0.301543
vt 0.788091 0.253252
vt 0.370995 0.264104
vt 0.623315 0.089220
vt 0.615403 0.086837
vt 0.616253 0.081075
vt 0.632429 0.083454
vt 0.631580 0.089216
vt 0.654456 0.081056
vt 0.638280 0.083451
vt 0.646192 0.081060
vt 0.658232 0.083441
vt 0.769197 0.074398
vt 0.780845 0.078704
vt 0.722073 0.078734
vt 0.727438 0.076491
vt 0.738651 0.076781
vt 0.680350 0.184894
vt 0.652393 0.111386
vt 0.724755 0.190753
vt 0.852654 0.111285
vt 0.617687 0.110190
vt 0.611454 0.088448
vt 0.889054 0.178655
vt 0.562880 0.079334
vt 0.480002 0.089292
vt 0.819498 0.100748
vt 0.609774 0.184929
vt 0.593491 0.088858
vt 0.633828 0.153148
vt 0.422359 0.081894
vt 0.445760 0.081882
vt 0.447550 0.081935
vt 0.915746 0.111253
vt 0.736405 0.111343
vt 0.422359 0.089321
vt 0.746768 0.103865
vt 0.704928 0.078742
vt 0.701029 0.077569
vt 0.701447 0.074729
vt 0.709418 0.075901
vt 0.709000 0.078740
vt 0.806778 0.076566
vt 0.812496 0.078689
vt 0.797931 0.078696
vt 0.127967 0.159473
vt 0.020376 0.494508
vt 0.020376 0.496924
vt 0.231755 0.335197
vt 0.304986 0.494508
vt 0.231755 0.494508
vt 0.240929 0.254320
vt 0.128106 0.402727
vt 0.029551 0.028738
vt 0.093606 0.159473
vt 0.189959 0.196344
vt 0.237693 0.705638
vt 0.237693 0.825106
vt 0.038613 0.149464
vt 0.015230 0.159083
vt 0.296295 0.825106
vt 0.294166 0.704756
vt 0.296295 0.705638
vt 0.282790 0.149464
vt 0.134971 0.144381
vt 0.287970 0.196345
vt 0.142546 0.705638
vt 0.142546 0.825106
vt 0.146000 0.149464
vt 0.122617 0.159083
vt 0.184541 0.825106
vt 0.183015 0.704756
vt 0.184541 0.705638
vt 0.027584 0.144381
vt 0.015230 0.739804
vt 0.323415 0.825106
vt 0.301860 0.799575
vt 0.015230 0.825106
vt 0.138243 0.799575
vt 0.294166 0.785726
vt 0.142100 0.785726
vt 0.183015 0.785726
vt 0.237070 0.785726
vt 0.231688 0.799575
vt 0.015230 0.489687
vt 0.138243 0.520631
vt 0.142546 0.489687
vt 0.138243 0.501828
vt 0.301860 0.501828
vt 0.296295 0.489687
vt 0.323415 0.489687
vt 0.301860 0.520631
vt 0.142100 0.537416
vt 0.294166 0.537416
vt 0.183015 0.537416
vt 0.237070 0.537416
vt 0.188529 0.520631
vt 0.184541 0.489687
vt 0.237693 0.489687
vt 0.015230 0.430006
vt 0.323415 0.704756
vt 0.294166 0.485768
vt 0.144192 0.485768
vt 0.082023 0.233506
vt 0.079945 0.305586
vt 0.089225 0.232334
vt 0.115964 0.232334
vt 0.125243 0.305586
vt 0.123166 0.233506
vt 0.164265 0.250413
vt 0.188417 0.267112
vt 0.179442 0.287309
vt 0.186351 0.282323
vt 0.189959 0.270035
vt 0.018838 0.282323
vt 0.015230 0.270035
vt 0.025747 0.214057
vt 0.040924 0.177161
vt 0.018838 0.209072
vt 0.016772 0.193861
vt 0.015230 0.196784
vt 0.082023 0.160255
vt 0.089225 0.159083
vt 0.123166 0.160255
vt 0.164265 0.177161
vt 0.188417 0.193861
vt 0.179442 0.214057
vt 0.189959 0.196784
vt 0.186351 0.209072
vt 0.323415 0.860155
vt 0.542987 -0.000000
vt 0.604601 0.000118
vt 0.590159 0.000000
vt 0.618830 0.000000
vt 0.710775 0.603120
vt 0.691871 0.000157
vt 0.575181 0.603150
vt 0.707274 0.633790
vt 0.707274 0.808590
vt 0.687759 0.633781
vt 0.669589 0.633673
vt 0.736096 0.906821
vt 0.811258 0.610978
vt 0.811258 0.885951
vt 0.574983 0.633561
vt 0.830831 0.885951
vt 0.734400 0.000002
vt 0.760894 0.000000
vt 0.734400 0.449031
vt 0.784108 0.630248
vt 0.810599 0.295854
vt 0.810700 0.610978
vt 0.784108 0.315124
vt 0.760894 0.315124
vt 0.786976 0.906832
vt 0.710775 0.902102
vt 0.646038 0.769357
vt 0.629059 0.771525
vt 0.741484 0.476869
vt 0.786976 0.268495
vt 0.741484 0.675806
vt 0.786976 0.069558
vt 0.669050 0.775781
vt 0.756145 0.804083
vt 0.830831 0.752393
vt 0.764755 0.898697
vt 0.669050 0.812668
vt 0.780658 0.893319
vt 0.672684 0.865442
vt 0.558248 0.904594
vt 0.688747 0.811870
vt 0.707985 0.901719
vt 0.702631 0.808590
vt 0.763379 0.901666
vt 0.668048 0.811730
vt 0.662694 0.904844
vt 0.683393 0.865442
vt 0.758025 0.630248
vt 0.672684 0.811870
vt 0.542987 0.811480
vt 0.652787 0.811583
vt 0.840661 0.650506
vt 0.840661 0.888967
vt 0.542987 0.951878
vt 0.652787 0.811730
vt 0.844576 0.888967
vt 0.752841 0.804083
vt 0.725866 0.900082
vt 0.698521 0.633790
vt 0.698521 0.884129
vt 0.839733 0.000000
vt 0.618830 0.916307
vt 0.456266 0.750000
vt 0.456266 0.000000
vt 0.487390 0.000000
vt 0.377176 0.866025
vt 0.377176 0.000000
vt 0.399774 0.000000
vt 0.518514 0.000000
vt 0.422371 -0.000000
vt 0.444968 -0.000000
vt 0.821305 0.429800
vt 0.520542 0.361289
vt 0.459376 0.361840
vt 0.459348 0.337539
vt 0.500125 0.337171
vt 0.651724 0.351057
vt 0.651725 0.352466
vt 0.614507 0.360442
vt 0.614489 0.345161
vt 0.737698 0.350417
vt 0.357782 0.669491
vt 0.433107 0.433298
vt 0.664922 0.359988
vt 0.975213 0.543968
vt 0.424950 0.441418
vt 0.530690 0.271031
vt 0.523916 0.572464
vt 0.534358 0.423714
vt 0.523916 0.574257
vt 0.508494 0.523650
vt 0.470106 0.537185
vt 0.474607 0.513824
vt 0.476547 0.470908
vt 0.476547 0.741939
vt 0.474607 0.699023
vt 0.424950 0.592889
vt 0.429451 0.569529
vt 0.431390 0.526612
vt 0.431390 0.797643
vt 0.429451 0.754727
vt 0.508500 0.744359
vt 0.396153 0.998966
vt 0.368980 0.000162
vt 0.468382 0.882837
vt 0.439760 0.526612
vt 0.439760 0.797643
vt 0.442865 0.692474
vt 0.441700 0.754727
vt 0.470106 0.385714
vt 0.523916 0.441418
vt 0.508494 0.402030
vt 0.510275 0.441418
vt 0.484917 0.741939
vt 0.484917 0.470908
vt 0.486856 0.699023
vt 0.488021 0.636770
vt 0.486856 0.513824
s 1
usemtl fn-fal_material
f 14/1/1 3/2/2 9/3/3
f 4/4/4 7/5/5 3/6/2
f 15/7/6 6/8/7 5/9/8
f 6/10/7 1/11/9 5/12/8
f 15/13/6 1/14/9 11/15/10
f 12/16/1 6/17/7 20/18/11
f 4/19/4 18/20/11 8/21/12
f 14/22/1 19/23/13 18/20/11
f 13/24/14 20/18/11 19/23/13
f 7/25/5 9/26/3 3/27/2
f 9/26/3 16/28/15 10/29/16
f 16/28/15 11/15/10 10/29/16
f 7/30/5 18/31/11 17/32/6
f 17/32/6 19/33/13 16/34/15
f 16/34/15 20/35/11 15/7/6
f 2/36/17 11/37/10 1/38/9
f 12/39/1 10/40/16 11/37/10
f 13/41/14 9/3/3 10/40/16
f 55/42/18 109/43/19 57/44/20
f 107/45/21 140/46/22 108/47/23
f 50/48/24 32/49/25 51/50/26
f 80/51/27 22/52/28 29/53/29
f 49/54/30 76/55/31 97/56/32
f 48/57/18 78/58/33 95/59/34
f 29/60/29 86/61/33 80/62/27
f 51/50/26 39/63/26 54/64/26
f 38/65/35 119/66/36 31/67/37
f 57/44/20 110/68/38 58/69/20
f 88/70/39 36/71/28 42/72/40
f 21/73/41 42/74/40 40/75/20
f 25/76/42 84/77/43 76/55/31
f 32/49/25 41/78/44 39/63/26
f 39/63/26 34/79/45 25/80/42
f 40/75/20 36/81/28 29/82/29
f 42/83/40 94/84/39 88/85/39
f 58/69/20 23/86/46 59/87/47
f 112/88/48 27/89/49 71/90/50
f 54/64/26 25/80/42 49/91/30
f 94/92/39 45/93/51 91/94/52
f 34/95/45 92/96/52 84/77/43
f 35/97/53 46/98/54 42/74/40
f 41/78/44 44/99/55 34/79/45
f 68/100/56 54/64/26 49/91/30
f 21/73/41 53/101/20 47/102/57
f 29/82/29 53/101/20 40/75/20
f 65/103/26 54/64/26 66/104/26
f 67/105/18 95/59/34 105/106/34
f 68/107/56 97/108/32 103/109/58
f 64/110/24 51/50/26 65/103/26
f 22/111/28 52/112/20 29/82/29
f 140/113/22 61/114/26 108/115/23
f 27/116/49 99/117/59 71/118/50
f 24/119/60 101/120/34 73/121/61
f 108/115/23 62/122/26 111/123/62
f 27/124/49 62/122/26 56/125/63
f 63/126/64 58/69/20 59/87/47
f 69/127/20 58/69/20 70/128/20
f 67/129/18 57/44/20 69/127/20
f 48/130/18 69/127/20 52/112/20
f 52/112/20 70/128/20 53/101/20
f 53/101/20 63/126/64 47/102/57
f 141/131/24 65/103/26 61/114/26
f 56/132/63 103/133/58 99/134/59
f 55/135/18 105/106/34 101/120/34
f 61/114/26 66/104/26 62/122/26
f 62/122/26 68/100/56 56/125/63
f 142/136/65 64/137/24 141/138/24
f 101/120/34 106/139/65 142/136/65
f 100/140/59 63/141/64 59/142/47
f 99/134/59 104/143/58 100/140/59
f 102/144/66 145/145/67 146/146/68
f 73/121/61 142/136/65 139/147/69
f 72/148/50 59/149/47 23/150/46
f 71/118/50 100/151/59 72/148/50
f 104/152/58 47/153/57 63/154/64
f 103/109/58 98/155/32 104/152/58
f 106/139/65 50/156/24 64/137/24
f 105/106/34 96/157/65 106/139/65
f 83/158/43 45/159/51 35/160/53
f 84/77/43 91/161/52 83/158/43
f 43/162/70 92/163/52 44/164/55
f 93/165/39 91/94/52 92/163/52
f 110/166/38 72/167/50 23/168/46
f 114/169/48 71/90/50 72/167/50
f 87/170/39 43/171/70 41/172/44
f 88/85/39 93/173/39 87/170/39
f 75/174/31 35/160/53 21/175/41
f 76/55/31 83/158/43 75/174/31
f 33/176/71 87/177/39 41/178/44
f 85/179/72 88/70/39 87/177/39
f 81/180/73 120/181/74 30/182/75
f 37/183/76 116/184/52 89/185/77
f 79/186/78 33/187/71 32/188/25
f 80/62/27 85/189/72 79/186/78
f 96/157/65 26/190/71 50/156/24
f 95/59/34 77/191/72 96/157/65
f 98/192/32 21/175/41 47/193/57
f 97/56/32 75/174/31 98/192/32
f 26/194/71 79/195/78 32/196/25
f 77/197/72 80/51/27 79/195/78
f 24/198/60 113/199/21 109/200/19
f 73/201/61 107/45/21 113/199/21
f 31/202/37 107/45/21 108/47/23
f 37/203/76 109/200/19 30/204/75
f 38/205/35 108/47/23 111/206/62
f 38/205/35 112/88/48 90/207/77
f 30/204/75 113/199/21 81/208/73
f 81/208/73 107/45/21 82/209/79
f 37/203/76 114/169/48 110/166/38
f 90/207/77 114/169/48 89/210/77
f 119/211/36 130/212/80 127/213/71
f 120/214/74 123/215/33 128/216/81
f 121/217/82 124/218/83 116/219/52
f 31/220/37 117/221/84 82/222/79
f 89/185/77 118/223/52 90/224/77
f 82/222/79 115/225/27 81/180/73
f 90/224/77 122/226/85 38/227/35
f 30/228/75 121/67/82 37/66/76
f 129/229/86 132/230/87 124/231/83
f 128/232/81 137/233/88 129/234/86
f 126/235/89 138/236/90 130/237/80
f 119/211/36 125/238/72 117/239/84
f 116/219/52 126/240/89 118/241/52
f 117/239/84 123/215/33 115/242/27
f 122/243/85 126/240/89 130/212/80
f 120/214/74 129/244/86 121/217/82
f 134/245/91 135/246/92 138/247/90
f 136/248/60 132/249/87 137/250/88
f 131/251/61 134/245/91 132/249/87
f 123/252/33 136/253/60 128/254/81
f 130/255/80 135/256/92 127/257/71
f 127/258/71 133/259/69 125/260/72
f 124/231/83 134/261/91 126/235/89
f 125/260/72 131/262/61 123/252/33
f 28/263/93 139/147/69 74/264/94
f 60/265/95 140/266/22 28/263/93
f 60/265/95 142/136/65 141/138/24
f 102/267/66 139/147/69 142/136/65
f 144/268/96 146/269/68 145/270/67
f 74/271/94 144/272/96 28/273/93
f 102/237/66 143/274/97 74/275/94
f 28/263/93 145/270/67 60/265/95
f 148/276/98 149/277/99 147/278/100
f 150/279/101 151/280/102 149/281/99
f 150/282/101 148/283/98 152/284/103
f 152/285/103 147/278/100 151/286/102
f 147/287/100 149/288/99 151/289/102
f 153/290/104 154/291/105 155/292/106
f 162/293/107 163/294/108 164/295/109
f 153/296/104 158/297/110 159/298/111
f 156/299/112 155/292/106 154/291/105
f 161/300/113 158/301/110 160/302/114
f 167/303/115 169/304/116 170/305/117
f 162/306/107 167/307/115 163/308/108
f 166/309/118 163/294/108 165/310/119
f 162/293/107 154/291/105 153/290/104
f 160/302/114 173/311/120 161/300/113
f 170/305/117 178/312/121 177/313/122
f 166/309/118 176/314/123 175/315/124
f 156/299/112 171/316/125 157/317/126
f 168/318/127 153/296/104 159/298/111
f 157/319/126 158/320/110 155/321/106
f 166/309/118 154/291/105 164/295/109
f 166/309/118 172/322/128 156/299/112
f 157/319/126 174/323/129 160/324/114
f 161/300/113 168/325/127 159/326/111
f 161/300/113 178/312/121 169/304/116
f 167/327/115 165/328/119 163/329/108
f 165/328/119 177/330/122 176/331/123
f 175/332/124 176/333/123 178/334/121
f 180/335/130 181/336/131 179/337/132
f 182/338/133 185/339/134 181/340/131
f 185/341/134 184/342/135 183/343/136
f 184/344/135 179/345/132 183/346/136
f 185/341/134 189/347/137 190/348/138
f 182/349/133 184/284/135 186/350/139
f 190/351/138 187/352/140 188/353/141
f 179/345/132 189/354/137 183/346/136
f 185/339/134 188/355/141 181/340/131
f 181/336/131 187/356/140 179/337/132
f 191/357/142 194/358/143 193/359/144
f 194/360/143 197/361/145 193/362/144
f 198/363/146 195/364/147 197/365/145
f 196/366/148 191/367/142 195/368/147
f 191/357/142 200/369/149 199/370/150
f 194/371/143 196/372/148 198/373/146
f 201/374/151 206/375/152 202/376/153
f 195/364/147 202/376/153 197/365/145
f 191/377/142 201/378/151 195/379/147
f 197/380/145 200/381/149 193/382/144
f 206/383/152 203/384/154 204/385/155
f 199/370/150 204/386/155 203/387/154
f 199/388/150 205/389/156 201/378/151
f 202/390/153 204/391/155 200/381/149
f 208/392/157 209/393/158 207/394/159
f 209/395/158 212/396/160 211/273/161
f 211/397/161 214/398/162 213/399/163
f 208/400/157 214/401/162 212/402/160
f 214/403/162 215/404/164 213/405/163
f 215/406/164 208/392/157 207/394/159
f 213/407/163 207/408/159 211/409/161
f 228/410/165 219/411/166 217/412/167
f 219/413/166 229/414/168 221/415/169
f 229/416/168 223/417/170 221/418/169
f 226/419/171 235/420/172 236/421/173
f 230/422/174 225/423/175 223/424/170
f 231/425/176 217/412/167 225/426/175
f 223/427/170 217/428/167 221/429/169
f 220/430/177 228/431/165 218/432/178
f 220/430/177 229/433/168 227/434/179
f 224/435/180 229/433/168 222/436/181
f 226/437/171 230/438/174 224/435/180
f 226/437/171 228/431/165 231/439/176
f 236/440/173 238/441/182 233/442/183
f 222/443/181 232/444/184 234/445/185
f 226/446/171 233/442/183 218/447/178
f 224/448/180 234/445/185 235/449/172
f 218/447/178 232/450/184 220/451/177
f 240/452/186 246/453/187 241/454/188
f 235/455/172 239/456/189 240/457/186
f 233/458/183 237/459/190 232/460/184
f 235/420/172 241/461/188 236/421/173
f 234/445/185 237/462/190 239/463/189
f 246/453/187 250/464/191 251/465/192
f 239/463/189 242/466/193 244/467/194
f 241/468/188 243/469/195 238/470/182
f 240/457/186 244/471/194 245/472/196
f 238/470/182 242/473/193 237/459/190
f 248/474/197 250/475/191 249/476/198
f 244/467/194 247/477/199 249/476/198
f 246/478/187 248/479/197 243/469/195
f 245/472/196 249/480/198 250/481/191
f 243/469/195 247/482/199 242/473/193
f 253/483/54 254/484/200 252/485/51
f 255/486/201 258/487/202 254/488/200
f 259/489/203 256/490/55 258/491/202
f 257/492/70 252/493/51 256/494/55
f 254/495/200 256/496/55 252/497/51
f 255/498/201 257/499/70 259/500/203
f 279/501/204 277/502/205 276/503/206
f 278/504/207 280/505/208 277/506/205
f 281/507/209 282/508/210 280/505/208
f 283/509/211 284/510/212 282/511/210
f 285/512/213 286/513/214 284/510/212
f 287/514/215 288/515/216 286/516/214
f 273/517/217 307/518/211 275/519/218
f 289/520/219 290/521/220 288/515/216
f 291/522/221 276/503/206 290/523/220
f 265/524/222 299/525/221 267/526/223
f 262/527/224 276/528/206 277/529/205
f 263/530/225 279/531/204 261/532/226
f 264/533/227 277/529/205 280/534/208
f 265/535/222 278/536/207 263/530/225
f 264/533/227 282/537/210 266/538/228
f 265/535/222 283/539/211 281/540/209
f 268/541/229 282/537/210 284/542/212
f 269/543/230 283/539/211 267/544/223
f 268/541/229 286/545/214 270/546/231
f 271/547/232 285/548/213 269/543/230
f 272/549/233 286/545/214 288/550/216
f 271/547/232 289/551/219 287/552/215
f 272/549/233 290/553/220 274/554/234
f 275/555/218 289/551/219 273/556/217
f 274/554/234 276/528/206 260/557/235
f 275/555/218 279/531/204 291/558/221
f 295/559/213 305/560/209 301/561/204
f 302/562/205 304/563/208 306/564/210
f 268/565/229 298/566/220 266/567/228
f 260/568/235 306/569/210 274/570/234
f 267/571/223 301/572/204 269/573/230
f 262/574/224 292/575/212 260/568/235
f 275/576/218 295/577/213 261/578/226
f 270/579/231 300/580/206 268/565/229
f 261/578/226 294/581/215 263/582/225
f 269/573/230 303/567/207 271/566/232
f 264/583/227 293/584/214 262/585/224
f 272/586/233 302/587/205 270/588/231
f 263/589/225 297/590/219 265/524/222
f 271/591/232 305/592/209 273/517/217
f 266/593/228 296/594/216 264/583/227
f 274/595/234 304/596/208 272/586/233
f 311/597/236 308/598/237 310/599/238
f 308/598/237 312/600/239 310/599/238
f 316/601/240 315/602/241 314/603/242
f 313/604/243 316/605/240 312/600/239
f 318/606/244 321/607/245 319/608/246
f 315/602/241 320/609/247 314/603/242
f 330/610/248 332/611/249 333/612/250
f 335/613/251 337/614/252 334/615/253
f 323/616/254 325/617/255 322/618/256
f 328/619/257 325/617/255 324/620/258
f 326/621/259 329/622/260 328/619/257
f 335/623/251 323/616/254 322/618/256
f 327/624/261 331/625/262 330/626/248
f 322/618/256 330/626/248 335/623/251
f 322/618/256 329/622/260 327/624/261
f 309/627/263 323/628/254 308/629/237
f 323/630/254 313/631/243 308/632/237
f 328/633/257 309/607/263 311/634/236
f 328/635/257 310/636/238 326/637/259
f 310/636/238 331/638/262 326/637/259
f 319/639/246 330/640/248 318/641/244
f 316/642/240 332/611/249 312/643/239
f 332/611/249 320/644/247 318/645/244
f 337/646/252 315/647/241 317/648/264
f 337/646/252 319/649/246 321/650/245
s 0
f 347/651/265 363/652/265 362/653/265
f 346/654/266 364/655/266 363/656/266
f 348/657/267 365/658/267 364/655/267
f 349/659/268 366/660/268 365/661/268
f 350/662/269 367/255/269 366/660/269
f 351/663/270 368/664/270 367/665/270
f 344/666/267 361/667/267 345/668/267
f 352/669/271 369/670/271 368/664/271
f 353/671/272 362/653/272 369/672/272
f 340/673/271 357/674/271 341/675/271
f 339/676/20 347/677/20 338/678/20
f 340/679/20 346/680/20 339/676/20
f 341/681/20 348/682/20 340/679/20
f 341/681/20 350/683/20 349/684/20
f 343/685/20 350/683/20 342/686/20
f 344/687/20 351/688/20 343/685/20
f 344/687/20 353/689/20 352/690/20
f 345/691/20 347/677/20 353/689/20
f 355/692/20 360/693/20 358/694/20
f 341/695/272 358/696/272 342/697/272
f 345/698/268 355/699/268 338/700/268
f 338/700/269 354/701/269 339/702/269
f 342/697/273 359/703/273 343/701/273
f 339/704/270 356/705/270 340/673/270
f 343/706/266 360/707/266 344/666/266
s 1
f 373/708/274 384/709/275 382/710/276
f 372/711/277 386/712/52 384/709/275
f 371/713/278 388/714/279 382/710/276
f 376/715/280 390/716/281 388/714/279
f 378/717/282 392/718/77 390/716/281
f 390/716/281 381/719/283 379/720/284
f 388/714/279 379/720/284 377/721/285
f 382/710/276 377/721/285 373/708/274
f 384/709/275 374/722/51 370/723/286
f 382/710/276 370/723/286 371/713/278
f 396/724/287 394/725/288 395/726/289
f 401/727/290 399/728/291 400/729/292
f 395/726/289 403/730/293 402/731/294
f 404/732/295 398/733/296 405/734/297
f 408/735/298 401/727/290 400/729/292
f 407/736/299 396/724/287 406/737/300
f 409/738/301 412/739/302 413/740/303
f 411/741/304 406/737/300 410/742/305
f 417/743/306 413/740/303 412/739/302
f 414/744/307 410/742/305 415/745/308
f 394/725/288 374/746/51 403/730/293
f 394/725/288 371/747/278 370/748/286
f 383/749/309 395/750/289 385/751/310
f 395/750/289 387/752/311 385/751/310
f 397/753/312 376/754/280 371/747/278
f 383/749/309 406/755/300 396/756/287
f 383/749/309 398/757/296 401/758/290
f 373/759/274 399/728/291 372/748/277
f 399/728/291 375/760/55 372/748/277
f 398/757/296 387/752/311 405/761/297
f 400/729/292 377/762/285 408/735/298
f 383/749/309 409/763/301 389/764/313
f 387/765/311 402/766/294 403/767/293
f 404/768/295 387/765/311 386/769/52
f 407/736/299 378/770/282 376/754/280
f 389/764/313 410/771/305 406/755/300
f 389/764/313 413/772/303 391/773/314
f 408/735/298 379/774/284 412/739/302
f 411/741/304 380/775/315 378/770/282
f 410/771/305 393/776/316 415/777/308
f 412/739/302 381/778/283 417/743/306
f 413/772/303 393/776/316 391/773/314
f 414/779/307 393/780/316 392/781/77
f 393/780/316 416/782/317 417/783/306
f 419/784/318 421/785/319 420/786/320
f 441/787/321 435/788/322 434/789/323
f 428/790/324 426/791/325 440/792/326
f 437/793/327 441/794/321 436/795/328
f 426/796/325 437/793/327 436/795/328
f 429/797/329 430/798/330 443/799/331
f 440/792/326 443/799/331 439/800/332
f 432/801/333 435/802/322 433/803/334
f 429/804/329 433/805/334 430/806/330
f 461/788/335 455/807/336 462/789/337
f 447/808/338 448/809/339 458/810/340
f 457/811/341 462/812/337 456/813/342
f 448/814/339 457/811/341 456/813/342
f 450/815/343 449/816/344 464/817/345
f 458/810/340 464/817/345 460/818/346
f 453/819/347 455/820/336 454/821/348
f 450/822/343 453/819/347 449/823/344
f 473/824/349 467/825/350 466/826/351
f 469/827/352 471/786/353 470/828/354
f 472/829/355 468/830/356 467/825/350
f 428/790/324 449/816/344 453/831/347
f 450/832/343 426/833/325 436/834/328
f 475/835/357 477/836/358 476/837/359
f 481/838/360 479/839/361 478/840/362
f 476/837/359 418/841/363 475/835/357
f 420/842/320 478/840/362 419/843/318
f 485/844/364 483/845/365 482/846/366
f 487/847/367 489/848/368 488/849/369
f 474/850/370 484/851/371 477/836/358
f 440/852/326 463/853/372 482/846/366
f 487/854/367 424/855/373 478/856/362
f 420/857/320 421/858/319 472/859/355
f 486/860/374 480/861/375 489/848/368
f 488/862/369 460/818/346 464/817/345
f 491/863/376 492/864/377 490/865/378
f 493/866/379 494/867/380 492/868/377
f 495/869/381 496/870/382 494/871/380
f 495/872/381 518/873/163 497/874/383
f 497/875/383 498/876/384 496/877/382
f 499/878/385 490/865/378 498/879/384
f 496/880/382 502/881/160 494/882/380
f 504/883/386 508/884/387 503/885/162
f 498/886/384 503/887/162 496/880/382
f 492/888/377 502/881/160 501/889/388
f 498/886/384 500/890/389 504/891/386
f 492/888/377 500/890/389 490/892/378
f 508/884/387 514/893/390 513/894/391
f 501/895/388 507/896/392 506/897/393
f 500/898/389 509/899/394 504/900/386
f 503/901/162 507/902/392 502/903/160
f 501/904/388 505/905/395 500/898/389
f 513/906/391 510/907/396 512/908/397
f 507/896/392 511/909/398 506/897/393
f 505/905/395 514/910/390 509/899/394
f 508/911/387 512/912/397 507/902/392
f 505/905/395 511/913/398 510/914/396
f 518/915/163 524/916/386 519/917/399
f 499/918/385 518/873/163 519/919/399
f 493/920/379 517/921/161 495/872/381
f 499/918/385 516/922/159 491/923/376
f 493/920/379 516/922/159 515/924/400
f 521/925/157 523/926/162 522/927/160
f 515/928/400 522/929/160 517/930/161
f 516/931/159 524/932/386 521/933/157
f 517/934/161 523/935/162 518/936/163
f 516/931/159 520/937/388 515/938/400
f 526/939/401 527/940/402 525/941/403
f 534/942/404 531/943/405 533/944/406
f 532/945/407 529/946/408 531/947/405
f 536/948/409 525/949/403 535/950/410
f 531/951/405 535/952/410 533/953/406
f 528/954/411 536/955/409 534/956/404
f 534/956/404 530/957/412 532/958/407
f 533/953/406 525/959/403 527/960/402
f 529/961/408 536/948/409 535/950/410
f 527/962/402 534/942/404 533/944/406
f 601/963/413 540/964/414 539/965/415
f 549/966/416 544/967/417 543/968/418
f 594/969/419 542/970/420 541/971/421
f 553/972/422 538/973/423 537/974/424
f 594/975/419 554/976/422 589/977/43
f 540/978/414 642/979/425 551/980/426
f 544/981/417 645/982/26 602/983/427
f 538/984/423 643/985/20 593/986/428
f 542/987/420 624/988/429 555/989/430
f 538/973/423 626/990/431 639/991/432
f 555/989/430 626/990/431 556/992/430
f 625/993/433 624/994/429 623/995/434
f 544/967/417 638/996/435 635/997/23
f 551/980/426 638/996/435 552/998/426
f 588/999/43 537/960/424 583/1000/413
f 589/977/43 553/1001/422 588/999/43
f 542/987/420 554/1002/422 541/1003/421
f 555/989/430 553/972/422 554/1002/422
f 540/978/414 550/1004/436 539/1005/415
f 551/980/426 549/966/416 550/1004/436
f 651/1006/437 634/1007/438 633/1008/439
f 631/1009/437 630/1010/438 629/1011/439
f 622/1012/440 632/1013/441 624/988/429
f 620/1014/19 641/1015/442 642/979/425
f 626/990/431 640/1016/441 639/991/432
f 638/996/435 636/1017/442 635/997/23
f 655/1018/443 654/1019/444 653/1020/445
f 627/1021/443 658/1022/444 657/1023/445
f 607/1024/43 577/1025/43 606/1026/43
f 606/1026/43 569/1027/413 601/1028/413
f 649/1029/433 648/1030/434 647/1031/434
f 570/1032/428 619/1033/20 597/1034/428
f 572/1035/427 621/1036/26 584/1037/427
f 598/1038/419 578/1039/43 607/1024/43
f 602/983/427 571/1040/419 598/1041/419
f 593/986/428 569/1042/413 583/1043/413
f 538/984/423 583/1043/413 537/1044/424
f 584/1037/427 622/1045/440 542/970/420
f 656/1046/446 629/1011/439 654/1019/444
f 652/1047/446 633/1008/439 658/1022/444
f 578/1039/43 588/999/43 577/1025/43
f 577/1025/43 583/1000/413 569/1027/413
f 650/1048/433 623/995/434 648/1030/434
f 593/986/428 644/1049/20 570/1032/428
f 571/1050/419 589/977/43 578/1039/43
f 571/1040/419 584/1037/427 594/969/419
f 544/981/417 598/1041/419 543/1051/418
f 543/1052/418 607/1024/43 549/1053/416
f 597/1034/428 620/1054/19 540/964/414
f 642/1055/425 647/1031/434 638/1056/435
f 550/1057/436 601/1028/413 539/1058/415
f 549/1053/416 606/1026/43 550/1057/436
f 628/1059/447 657/1023/445 641/1060/442
f 637/1061/447 653/1020/445 636/1062/442
f 548/1063/448 586/1064/449 559/1065/450
f 602/983/427 646/1066/26 572/1035/427
f 569/1042/413 597/1034/428 601/963/413
f 612/1067/451 613/1068/452 611/1069/453
f 614/1070/454 617/1071/455 613/1072/452
f 618/1073/456 615/1074/457 617/1075/455
f 616/1076/458 611/1077/453 615/1078/457
f 617/1079/455 611/1080/453 613/1081/452
f 614/1082/454 616/1083/458 618/1084/456
f 599/1085/459 620/1054/19 619/1033/20
f 585/1086/460 622/1045/440 621/1036/26
f 586/1087/449 624/1088/429 559/1089/450
f 587/1090/460 626/1091/431 625/1092/433
f 562/1093/461 627/1094/443 628/1095/447
f 565/1096/462 629/1097/439 630/1098/438
f 568/1099/463 631/1100/437 591/1101/464
f 566/1102/462 633/1103/439 634/1104/438
f 547/1105/465 636/1106/442 564/1107/466
f 548/1108/448 630/1098/438 622/1045/440
f 559/1089/450 632/1109/441 568/1099/463
f 558/1110/467 637/1111/447 638/1112/435
f 545/1113/450 640/1114/441 561/1115/463
f 546/1116/467 628/1095/447 620/1054/19
f 557/1117/465 641/1118/442 567/1119/468
f 560/1120/448 634/1104/438 626/1091/431
f 573/1121/469 643/985/20 595/1122/449
f 574/1123/470 645/982/26 603/1124/471
f 575/1125/469 647/1126/434 648/1127/434
f 576/1128/470 649/1129/433 605/1130/471
f 596/1131/464 652/1132/446 579/1133/472
f 608/1134/473 654/1135/444 580/1136/474
f 609/1137/475 656/1138/446 655/1139/443
f 610/1140/473 658/1141/444 582/1142/474
f 574/1123/470 621/1036/26 646/1066/26
f 575/1125/469 623/1143/434 586/1087/449
f 576/1128/470 625/1092/433 650/1144/433
f 590/1145/476 654/1135/444 629/1097/439
f 591/1101/464 656/1138/446 581/1146/472
f 592/1147/476 658/1141/444 633/1103/439
f 595/1122/449 639/1148/432 545/1113/450
f 561/1115/463 651/1149/437 596/1131/464
f 573/1121/469 619/1033/20 644/1049/20
f 600/1150/475 652/1132/446 627/1094/443
f 603/1124/471 635/1151/23 547/1105/465
f 604/1152/459 638/1112/435 647/1126/434
f 605/1130/471 642/1153/425 557/1117/465
f 564/1107/466 653/1154/445 608/1134/473
f 563/1155/461 655/1139/443 637/1111/447
f 567/1119/468 657/1156/445 610/1140/473
f 585/1157/460 575/1158/469 586/1064/449
f 603/1159/471 575/1158/469 574/1160/470
f 547/1161/465 604/1162/459 603/1159/471
f 564/1163/466 558/1164/467 547/1165/465
f 609/1166/475 564/1167/466 608/1168/473
f 581/1169/472 608/1168/473 580/1170/474
f 591/1171/464 580/1170/474 590/1172/476
f 568/1173/463 590/1172/476 565/1174/462
f 568/1175/463 548/1176/448 559/1177/450
f 605/1178/471 546/1179/467 599/1180/459
f 599/1180/459 576/1181/470 605/1178/471
f 587/1182/460 573/1183/469 595/1184/449
f 595/1184/449 560/1185/448 587/1182/460
f 566/1077/462 545/1186/450 561/1187/463
f 566/1188/462 596/1189/464 592/1190/476
f 579/1191/472 592/1190/476 596/1189/464
f 582/1192/474 600/1193/475 610/1194/473
f 562/1195/461 610/1194/473 600/1193/475
f 557/1196/465 562/1197/461 546/1198/467
f 660/1199/477 661/1200/478 659/1201/479
f 662/1202/480 663/1203/481 661/1204/478
f 664/1205/482 665/1206/483 663/1207/481
f 668/1208/484 672/1209/170 673/1210/485
f 666/1211/486 667/1212/487 665/1213/483
f 668/1214/484 659/1201/479 667/1215/487
f 661/1216/478 681/1217/168 680/1218/179
f 669/1219/488 675/1220/489 674/1221/490
f 662/1222/480 671/1223/169 664/1224/482
f 668/1208/484 670/1225/491 660/1226/477
f 662/1222/480 670/1225/491 669/1227/488
f 664/1224/482 672/1209/170 666/1228/486
f 675/1229/489 677/1230/174 676/1231/168
f 672/1232/170 678/1233/492 673/1234/485
f 671/1235/169 674/1236/490 676/1237/168
f 673/1238/485 675/1220/489 670/1239/491
f 671/1240/169 677/1241/174 672/1242/170
f 682/1243/174 686/1244/169 681/1245/168
f 667/1246/487 679/1247/489 683/1248/492
f 661/1216/478 679/1247/489 659/1249/479
f 665/1250/483 681/1217/168 663/1251/481
f 667/1246/487 682/1252/174 665/1250/483
f 687/1253/170 684/1254/491 686/1255/169
f 680/1256/179 684/1257/491 679/1258/489
f 683/1259/492 687/1260/170 682/1261/174
f 681/1262/168 685/1044/166 680/1263/179
f 679/1258/489 688/1264/175 683/1265/492
f 689/1266/493 692/1267/494 691/1268/495
f 692/1267/494 693/1269/496 691/1268/495
f 694/1270/497 695/1271/498 693/1272/496
f 696/1273/499 697/1274/500 695/1271/498
f 696/1275/499 694/1276/497 690/1277/501
f 698/1278/502 699/1279/503 697/1280/500
f 700/1281/504 689/1266/493 699/1282/503
f 695/1283/498 697/1284/500 699/1285/503
f 702/1286/505 714/1287/506 713/1288/507
f 704/1289/508 715/1290/509 714/1291/506
f 706/1292/510 716/1293/511 715/1294/509
f 708/1295/512 717/1296/513 716/1293/511
f 708/1297/512 706/1298/510 702/1299/505
f 710/1300/514 718/1291/515 717/1301/513
f 712/1302/516 713/1288/507 718/1296/515
f 703/1303/517 719/1304/507 701/1305/518
f 703/1306/517 713/1307/507 714/1308/506
f 705/1309/519 714/1308/506 715/1310/509
f 705/1309/519 716/1311/511 707/1312/520
f 707/1312/520 717/1313/513 709/1314/521
f 709/1314/521 718/1315/515 711/1316/522
f 711/1316/522 713/1307/507 701/1317/518
f 720/1318/506 722/1319/511 724/1320/523
f 701/1305/518 724/1321/523 711/1322/522
f 709/1322/521 722/1323/511 707/1324/520
f 705/1325/519 720/1326/506 703/1327/517
f 711/1328/522 723/1329/513 709/1325/521
f 707/1324/520 721/1330/509 705/1331/519
s 0
f 726/1332/524 727/1333/524 725/1334/524
f 727/1335/21 732/1336/21 731/1337/21
f 732/1338/525 729/1339/525 731/1340/525
f 730/1335/526 725/1341/526 729/1342/526
f 731/1343/527 725/1334/527 727/1344/527
f 728/1345/528 730/1346/528 732/1338/528
s 1
f 738/1347/45 733/1348/51 737/1349/53
f 736/1350/529 737/1349/53 734/1351/530
f 751/1352/531 752/1353/532 753/1354/21
f 754/1355/533 755/1356/534 756/1357/526
f 757/1358/535 758/1359/536 759/1360/21
f 760/1361/537 761/1362/538 762/1363/526
f 768/1364/539 770/1365/540 769/1366/541
f 740/1367/542 742/1368/543 741/1369/544
f 758/1370/536 761/1371/538 760/1372/537
f 752/1373/532 755/1374/534 754/1375/533
f 748/1376/545 750/1377/546 749/1378/547
f 764/1379/548 766/1380/549 765/1381/550
f 746/1382/551 744/1383/552 743/1384/553
f 773/1385/554 771/1386/555 774/1387/556
f 741/1369/544 743/1384/553 740/1367/542
f 754/1375/533 739/1388/557 752/1373/532
f 745/1389/558 747/1390/559 744/1383/552
f 749/1391/547 757/1392/535 748/1393/545
f 765/1381/550 751/1394/531 764/1379/548
f 760/1372/537 767/1395/560 758/1370/536
f 773/1385/554 763/1396/561 772/1397/562
f 769/1398/541 771/1386/555 768/1399/539
f 775/1400/563 776/1401/564 777/1402/21
f 778/1403/565 779/1404/566 780/1405/526
f 781/1406/567 782/1407/568 783/1408/526
f 784/1409/569 785/1410/570 786/1411/21
f 779/1412/566 776/1413/564 775/1414/563
f 785/1415/570 782/1416/568 781/1417/567
f 788/1418/571 790/1419/572 789/1420/573
f 790/1419/572 779/1421/566 775/1422/563
f 743/1423/553 744/1424/552 789/1425/573
f 745/1426/558 746/1427/551 787/1428/574
f 785/1429/570 788/1418/571 789/1420/573
f 791/1430/575 792/1431/432 793/1432/526
f 796/1433/440 797/1434/576 798/1435/526
f 795/1436/577 801/1437/578 802/1438/579
f 797/1439/576 803/1440/580 804/1441/581
f 791/1442/575 801/1437/578 792/1443/432
f 799/1444/582 803/1440/580 800/1445/583
f 792/1443/432 737/1446/53 733/1447/51
f 791/1442/575 784/1448/569 802/1438/579
f 793/1432/526 792/1431/432 733/1449/51
f 774/1450/556 769/1451/541 793/1432/526
f 795/1452/577 804/1453/581 799/1454/582
f 801/1437/578 734/1455/530 737/1446/53
f 799/1456/582 800/1457/583 736/1458/529
f 797/1439/576 776/1413/564 778/1459/565
f 803/1440/580 735/1460/584 738/1446/45
f 800/1445/583 738/1446/45 736/1455/529
f 804/1461/581 802/1462/579 772/1463/562
f 14/1/1 4/1464/4 3/2/2
f 4/4/4 8/1465/12 7/5/5
f 15/7/6 20/35/11 6/8/7
f 6/10/7 2/1466/17 1/11/9
f 15/13/6 5/6/8 1/14/9
f 12/16/1 2/1467/17 6/17/7
f 4/19/4 14/22/1 18/20/11
f 14/22/1 13/24/14 19/23/13
f 13/24/14 12/16/1 20/18/11
f 7/25/5 17/1468/6 9/26/3
f 9/26/3 17/1468/6 16/28/15
f 16/28/15 15/13/6 11/15/10
f 7/30/5 8/1469/12 18/31/11
f 17/32/6 18/31/11 19/33/13
f 16/34/15 19/33/13 20/35/11
f 2/36/17 12/39/1 11/37/10
f 12/39/1 13/41/14 10/40/16
f 13/41/14 14/1/1 9/3/3
f 55/42/18 24/119/60 109/43/19
f 107/45/21 139/1470/69 140/46/22
f 50/48/24 26/1471/71 32/49/25
f 80/51/27 78/1472/33 22/52/28
f 49/54/30 25/76/42 76/55/31
f 48/57/18 22/1473/28 78/58/33
f 29/60/29 36/1474/28 86/61/33
f 51/50/26 32/49/25 39/63/26
f 38/65/35 122/1475/85 119/66/36
f 57/44/20 109/43/19 110/68/38
f 88/70/39 86/1476/33 36/71/28
f 21/73/41 35/97/53 42/74/40
f 25/76/42 34/95/45 84/77/43
f 32/49/25 33/1477/71 41/78/44
f 39/63/26 41/78/44 34/79/45
f 40/75/20 42/74/40 36/81/28
f 42/83/40 46/1478/54 94/84/39
f 58/69/20 110/68/38 23/86/46
f 112/88/48 111/206/62 27/89/49
f 54/64/26 39/63/26 25/80/42
f 94/92/39 46/1479/54 45/93/51
f 34/95/45 44/1480/55 92/96/52
f 35/97/53 45/1481/51 46/98/54
f 41/78/44 43/1482/70 44/99/55
f 68/100/56 66/104/26 54/64/26
f 21/73/41 40/75/20 53/101/20
f 29/82/29 52/112/20 53/101/20
f 65/103/26 51/50/26 54/64/26
f 67/105/18 48/57/18 95/59/34
f 68/107/56 49/1483/30 97/108/32
f 64/110/24 50/48/24 51/50/26
f 22/111/28 48/130/18 52/112/20
f 140/113/22 141/131/24 61/114/26
f 27/116/49 56/1484/63 99/117/59
f 24/119/60 55/135/18 101/120/34
f 108/115/23 61/114/26 62/122/26
f 27/124/49 111/123/62 62/122/26
f 63/126/64 70/128/20 58/69/20
f 69/127/20 57/44/20 58/69/20
f 67/129/18 55/42/18 57/44/20
f 48/130/18 67/129/18 69/127/20
f 52/112/20 69/127/20 70/128/20
f 53/101/20 70/128/20 63/126/64
f 141/131/24 64/110/24 65/103/26
f 56/132/63 68/1485/56 103/133/58
f 55/135/18 67/105/18 105/106/34
f 61/114/26 65/103/26 66/104/26
f 62/122/26 66/104/26 68/100/56
f 142/136/65 106/139/65 64/137/24
f 101/120/34 105/106/34 106/139/65
f 100/140/59 104/143/58 63/141/64
f 99/134/59 103/133/58 104/143/58
f 102/144/66 60/1486/95 145/145/67
f 73/121/61 101/120/34 142/136/65
f 72/148/50 100/151/59 59/149/47
f 71/118/50 99/117/59 100/151/59
f 104/152/58 98/155/32 47/153/57
f 103/109/58 97/108/32 98/155/32
f 106/139/65 96/157/65 50/156/24
f 105/106/34 95/59/34 96/157/65
f 83/158/43 91/161/52 45/159/51
f 84/77/43 92/96/52 91/161/52
f 43/162/70 93/165/39 92/163/52
f 93/165/39 94/92/39 91/94/52
f 110/166/38 114/169/48 72/167/50
f 114/169/48 112/88/48 71/90/50
f 87/170/39 93/173/39 43/171/70
f 88/85/39 94/84/39 93/173/39
f 75/174/31 83/158/43 35/160/53
f 76/55/31 84/77/43 83/158/43
f 33/176/71 85/179/72 87/177/39
f 85/179/72 86/1476/33 88/70/39
f 81/180/73 115/225/27 120/181/74
f 37/183/76 121/1487/82 116/184/52
f 79/186/78 85/189/72 33/187/71
f 80/62/27 86/61/33 85/189/72
f 96/157/65 77/191/72 26/190/71
f 95/59/34 78/58/33 77/191/72
f 98/192/32 75/174/31 21/175/41
f 97/56/32 76/55/31 75/174/31
f 26/194/71 77/197/72 79/195/78
f 77/197/72 78/1472/33 80/51/27
f 24/198/60 73/201/61 113/199/21
f 73/201/61 139/1470/69 107/45/21
f 31/202/37 82/209/79 107/45/21
f 37/203/76 110/166/38 109/200/19
f 38/205/35 31/202/37 108/47/23
f 38/205/35 111/206/62 112/88/48
f 30/204/75 109/200/19 113/199/21
f 81/208/73 113/199/21 107/45/21
f 37/203/76 89/210/77 114/169/48
f 90/207/77 112/88/48 114/169/48
f 119/211/36 122/243/85 130/212/80
f 120/214/74 115/242/27 123/215/33
f 121/217/82 129/244/86 124/218/83
f 31/220/37 119/1488/36 117/221/84
f 89/185/77 116/184/52 118/223/52
f 82/222/79 117/221/84 115/225/27
f 90/224/77 118/223/52 122/226/85
f 30/228/75 120/1489/74 121/67/82
f 129/229/86 137/1490/88 132/230/87
f 128/232/81 136/1491/60 137/233/88
f 126/235/89 134/261/91 138/236/90
f 119/211/36 127/213/71 125/238/72
f 116/219/52 124/218/83 126/240/89
f 117/239/84 125/238/72 123/215/33
f 122/243/85 118/241/52 126/240/89
f 120/214/74 128/216/81 129/244/86
f 134/245/91 133/1492/69 135/246/92
f 136/248/60 131/251/61 132/249/87
f 131/251/61 133/1492/69 134/245/91
f 123/252/33 131/262/61 136/253/60
f 130/255/80 138/1493/90 135/256/92
f 127/258/71 135/1494/92 133/259/69
f 124/231/83 132/230/87 134/261/91
f 125/260/72 133/259/69 131/262/61
f 28/263/93 140/266/22 139/147/69
f 60/265/95 141/138/24 140/266/22
f 60/265/95 102/267/66 142/136/65
f 102/267/66 74/264/94 139/147/69
f 144/268/96 143/1495/97 146/269/68
f 74/271/94 143/1496/97 144/272/96
f 102/237/66 146/1497/68 143/274/97
f 28/263/93 144/268/96 145/270/67
f 148/276/98 150/1498/101 149/277/99
f 150/279/101 152/1499/103 151/280/102
f 152/285/103 148/276/98 147/278/100
f 153/296/104 155/1500/106 158/297/110
f 156/299/112 157/317/126 155/292/106
f 161/300/113 159/326/111 158/301/110
f 167/303/115 168/325/127 169/304/116
f 162/306/107 168/318/127 167/307/115
f 166/309/118 164/295/109 163/294/108
f 162/293/107 164/295/109 154/291/105
f 160/302/114 174/1501/129 173/311/120
f 170/305/117 169/304/116 178/312/121
f 166/309/118 165/310/119 176/314/123
f 156/299/112 172/322/128 171/316/125
f 168/318/127 162/306/107 153/296/104
f 157/319/126 160/324/114 158/320/110
f 166/309/118 156/299/112 154/291/105
f 166/309/118 175/315/124 172/322/128
f 157/319/126 171/1502/125 174/323/129
f 161/300/113 169/304/116 168/325/127
f 161/300/113 173/311/120 178/312/121
f 167/327/115 170/1503/117 165/328/119
f 165/328/119 170/1503/117 177/330/122
f 176/333/123 177/1504/122 178/334/121
f 178/334/121 173/1505/120 172/1506/128
f 173/1505/120 174/1507/129 171/1508/125
f 172/1506/128 173/1505/120 171/1508/125
f 172/1506/128 175/332/124 178/334/121
f 180/335/130 182/1509/133 181/336/131
f 182/338/133 186/1510/139 185/339/134
f 185/341/134 186/1511/139 184/342/135
f 184/344/135 180/1512/130 179/345/132
f 185/341/134 183/343/136 189/347/137
f 182/349/133 180/1513/130 184/284/135
f 190/351/138 189/228/137 187/352/140
f 179/345/132 187/1514/140 189/354/137
f 185/339/134 190/1515/138 188/355/141
f 181/336/131 188/1516/141 187/356/140
f 191/357/142 192/1517/585 194/358/143
f 194/360/143 198/1518/146 197/361/145
f 198/363/146 196/1519/148 195/364/147
f 196/366/148 192/1520/585 191/367/142
f 191/357/142 193/359/144 200/369/149
f 194/371/143 192/1521/585 196/372/148
f 201/374/151 205/1522/156 206/375/152
f 195/364/147 201/374/151 202/376/153
f 191/377/142 199/388/150 201/378/151
f 197/380/145 202/390/153 200/381/149
f 206/383/152 205/1523/156 203/384/154
f 199/370/150 200/369/149 204/386/155
f 199/388/150 203/1524/154 205/389/156
f 202/390/153 206/1525/152 204/391/155
f 208/392/157 210/1526/586 209/393/158
f 209/395/158 210/1527/586 212/396/160
f 211/397/161 212/1528/160 214/398/162
f 212/402/160 210/1529/586 208/400/157
f 208/400/157 216/1530/587 214/401/162
f 214/403/162 216/1531/587 215/404/164
f 215/406/164 216/1532/587 208/392/157
f 215/1533/164 207/408/159 213/407/163
f 207/408/159 209/1534/158 211/409/161
f 228/410/165 227/1535/179 219/411/166
f 219/413/166 227/1536/179 229/414/168
f 229/416/168 230/1537/174 223/417/170
f 226/419/171 224/1538/180 235/420/172
f 230/422/174 231/1539/176 225/423/175
f 231/425/176 228/410/165 217/412/167
f 225/1540/175 217/428/167 223/427/170
f 217/428/167 219/1541/166 221/429/169
f 220/430/177 227/434/179 228/431/165
f 220/430/177 222/436/181 229/433/168
f 224/435/180 230/438/174 229/433/168
f 226/437/171 231/439/176 230/438/174
f 226/437/171 218/432/178 228/431/165
f 236/440/173 241/1542/188 238/441/182
f 222/443/181 220/1543/177 232/444/184
f 226/446/171 236/440/173 233/442/183
f 224/448/180 222/443/181 234/445/185
f 218/447/178 233/442/183 232/450/184
f 240/452/186 245/1544/196 246/453/187
f 235/455/172 234/1545/185 239/456/189
f 233/458/183 238/470/182 237/459/190
f 235/420/172 240/1546/186 241/461/188
f 234/445/185 232/444/184 237/462/190
f 246/453/187 245/1544/196 250/464/191
f 239/463/189 237/462/190 242/466/193
f 241/468/188 246/478/187 243/469/195
f 240/457/186 239/456/189 244/471/194
f 238/470/182 243/469/195 242/473/193
f 249/476/198 247/477/199 248/474/197
f 248/474/197 251/1547/192 250/475/191
f 244/467/194 242/466/193 247/477/199
f 246/478/187 251/405/192 248/479/197
f 245/472/196 244/471/194 249/480/198
f 243/469/195 248/479/197 247/482/199
f 253/483/54 255/1548/201 254/484/200
f 255/486/201 259/1549/203 258/487/202
f 259/489/203 257/1550/70 256/490/55
f 257/492/70 253/1551/54 252/493/51
f 254/495/200 258/1552/202 256/496/55
f 255/498/201 253/1553/54 257/499/70
f 279/501/204 278/1554/207 277/502/205
f 278/504/207 281/507/209 280/505/208
f 281/507/209 283/1555/211 282/508/210
f 283/509/211 285/512/213 284/510/212
f 285/512/213 287/1556/215 286/513/214
f 287/514/215 289/520/219 288/515/216
f 273/517/217 305/592/209 307/518/211
f 289/520/219 291/1557/221 290/521/220
f 291/522/221 279/501/204 276/503/206
f 265/524/222 297/590/219 299/525/221
f 262/527/224 260/557/235 276/528/206
f 263/530/225 278/536/207 279/531/204
f 264/533/227 262/527/224 277/529/205
f 265/535/222 281/540/209 278/536/207
f 264/533/227 280/534/208 282/537/210
f 265/535/222 267/544/223 283/539/211
f 268/541/229 266/538/228 282/537/210
f 269/543/230 285/548/213 283/539/211
f 268/541/229 284/542/212 286/545/214
f 271/547/232 287/552/215 285/548/213
f 272/549/233 270/546/231 286/545/214
f 271/547/232 273/556/217 289/551/219
f 272/549/233 288/550/216 290/553/220
f 275/555/218 291/558/221 289/551/219
f 274/554/234 290/553/220 276/528/206
f 275/555/218 261/532/226 279/531/204
f 297/1558/219 294/1559/215 295/559/213
f 295/559/213 307/1560/211 305/560/209
f 305/560/209 303/1561/207 301/561/204
f 301/561/204 299/1562/221 297/1558/219
f 297/1558/219 295/559/213 301/561/204
f 306/564/210 292/561/212 298/1563/220
f 292/561/212 293/1564/214 298/1563/220
f 293/1564/214 296/1565/216 298/1563/220
f 298/1563/220 300/1566/206 306/564/210
f 300/1566/206 302/562/205 306/564/210
f 268/565/229 300/580/206 298/566/220
f 260/568/235 292/575/212 306/569/210
f 267/571/223 299/1567/221 301/572/204
f 262/574/224 293/576/214 292/575/212
f 275/576/218 307/574/211 295/577/213
f 270/579/231 302/1568/205 300/580/206
f 261/578/226 295/577/213 294/581/215
f 269/573/230 301/572/204 303/567/207
f 264/583/227 296/594/216 293/584/214
f 272/586/233 304/596/208 302/587/205
f 263/589/225 294/1569/215 297/590/219
f 271/591/232 303/571/207 305/592/209
f 266/593/228 298/1570/220 296/594/216
f 274/595/234 306/1571/210 304/596/208
f 311/597/236 309/1572/263 308/598/237
f 308/598/237 313/604/243 312/600/239
f 316/601/240 317/1573/264 315/602/241
f 313/604/243 317/1574/264 316/605/240
f 318/606/244 320/1575/247 321/607/245
f 315/602/241 321/1576/245 320/609/247
f 330/610/248 331/638/262 332/611/249
f 335/613/251 336/1577/588 337/614/252
f 323/616/254 324/620/258 325/617/255
f 328/619/257 329/622/260 325/617/255
f 326/621/259 327/624/261 329/622/260
f 335/623/251 334/1578/253 323/616/254
f 327/624/261 326/621/259 331/625/262
f 322/618/256 327/624/261 330/626/248
f 322/618/256 325/617/255 329/622/260
f 309/627/263 324/1579/258 323/628/254
f 323/630/254 334/1580/253 313/631/243
f 328/633/257 324/1581/258 309/607/263
f 328/635/257 311/1582/236 310/636/238
f 310/636/238 312/643/239 331/638/262
f 319/639/246 336/1577/588 335/613/251
f 335/613/251 330/640/248 319/639/246
f 330/640/248 333/1583/250 318/641/244
f 314/1584/242 332/611/249 316/642/240
f 332/611/249 331/638/262 312/643/239
f 318/645/244 333/612/250 332/611/249
f 332/611/249 314/1584/242 320/644/247
f 317/648/264 313/1585/243 337/646/252
f 313/1585/243 334/1586/253 337/646/252
f 321/650/245 315/647/241 337/646/252
f 337/646/252 336/1587/588 319/649/246
s 0
f 347/651/265 346/1588/265 363/652/265
f 346/654/266 348/657/266 364/655/266
f 348/657/267 349/1589/267 365/658/267
f 349/659/268 350/662/268 366/660/268
f 350/662/269 351/1590/269 367/255/269
f 351/663/270 352/669/270 368/664/270
f 344/666/267 360/707/267 361/667/267
f 352/669/271 353/1591/271 369/670/271
f 353/671/272 347/651/272 362/653/272
f 340/673/271 356/705/271 357/674/271
f 339/676/20 346/680/20 347/677/20
f 340/679/20 348/682/20 346/680/20
f 341/681/20 349/684/20 348/682/20
f 341/681/20 342/686/20 350/683/20
f 343/685/20 351/688/20 350/683/20
f 344/687/20 352/690/20 351/688/20
f 344/687/20 345/691/20 353/689/20
f 345/691/20 338/678/20 347/677/20
f 356/1592/20 354/1593/20 355/692/20
f 355/692/20 361/1594/20 360/693/20
f 360/693/20 359/1595/20 358/694/20
f 358/694/20 357/1596/20 356/1592/20
f 356/1592/20 355/692/20 358/694/20
f 341/695/272 357/1597/272 358/696/272
f 345/698/268 361/1598/268 355/699/268
f 338/700/269 355/699/269 354/701/269
f 342/697/265 358/696/265 359/703/265
f 339/704/270 354/1599/270 356/705/270
f 343/706/266 359/695/266 360/707/266
s 1
f 373/708/274 372/711/277 384/709/275
f 372/711/277 375/1600/55 386/712/52
f 371/713/278 376/715/280 388/714/279
f 376/715/280 378/717/282 390/716/281
f 378/717/282 380/1601/315 392/718/77
f 390/716/281 392/718/77 381/719/283
f 388/714/279 390/716/281 379/720/284
f 382/710/276 388/714/279 377/721/285
f 384/709/275 386/712/52 374/722/51
f 382/710/276 384/709/275 370/723/286
f 396/724/287 397/753/312 394/725/288
f 401/727/290 398/733/296 399/728/291
f 395/726/289 394/725/288 403/730/293
f 404/732/295 399/728/291 398/733/296
f 408/735/298 409/738/301 401/727/290
f 407/736/299 397/753/312 396/724/287
f 409/738/301 408/735/298 412/739/302
f 411/741/304 407/736/299 406/737/300
f 417/743/306 416/1602/317 413/740/303
f 414/744/307 411/741/304 410/742/305
f 394/725/288 370/748/286 374/746/51
f 394/725/288 397/753/312 371/747/278
f 383/749/309 396/756/287 395/750/289
f 395/750/289 402/1603/294 387/752/311
f 397/753/312 407/736/299 376/754/280
f 383/749/309 389/764/313 406/755/300
f 383/749/309 385/751/310 398/757/296
f 373/759/274 400/729/292 399/728/291
f 399/728/291 404/732/295 375/760/55
f 398/757/296 385/751/310 387/752/311
f 400/729/292 373/759/274 377/762/285
f 383/749/309 401/758/290 409/763/301
f 374/1604/51 386/769/52 403/767/293
f 386/769/52 387/765/311 403/767/293
f 386/769/52 375/1605/55 404/768/295
f 404/768/295 405/1606/297 387/765/311
f 407/736/299 411/741/304 378/770/282
f 389/764/313 391/773/314 410/771/305
f 389/764/313 409/763/301 413/772/303
f 408/735/298 377/762/285 379/774/284
f 411/741/304 414/744/307 380/775/315
f 410/771/305 391/773/314 393/776/316
f 412/739/302 379/774/284 381/778/283
f 413/772/303 416/1607/317 393/776/316
f 392/781/77 380/719/315 414/779/307
f 414/779/307 415/1608/308 393/780/316
f 381/1609/283 392/781/77 417/783/306
f 392/781/77 393/780/316 417/783/306
f 419/784/318 418/841/363 421/785/319
f 441/787/321 442/1610/589 435/788/322
f 438/1611/590 440/792/326 426/791/325
f 440/792/326 439/800/332 428/790/324
f 439/800/332 427/1612/591 428/790/324
f 437/793/327 442/1613/589 441/794/321
f 426/796/325 428/1614/324 437/793/327
f 445/1615/592 443/799/331 430/798/330
f 443/799/331 444/1616/593 429/797/329
f 444/1616/593 431/1617/594 429/797/329
f 440/792/326 444/1616/593 443/799/331
f 432/801/333 434/1618/323 435/802/322
f 429/804/329 432/1619/333 433/805/334
f 461/788/335 454/1620/348 455/807/336
f 459/1621/595 458/810/340 448/809/339
f 458/810/340 460/818/346 447/808/338
f 460/818/346 446/1622/596 447/808/338
f 457/811/341 461/1623/335 462/812/337
f 448/814/339 447/1624/338 457/811/341
f 465/1625/597 464/817/345 449/816/344
f 464/817/345 463/1626/372 450/815/343
f 463/1626/372 451/1627/598 450/815/343
f 458/810/340 463/1626/372 464/817/345
f 453/819/347 452/1628/599 455/820/336
f 450/822/343 452/1628/599 453/819/347
f 473/824/349 472/829/355 467/825/350
f 469/827/352 468/784/356 471/786/353
f 472/829/355 471/1629/353 468/830/356
f 424/1630/373 445/1615/592 430/798/330
f 424/1630/373 430/798/330 433/1631/334
f 446/1622/596 425/1632/600 447/808/338
f 425/1632/600 473/824/349 457/1633/341
f 447/808/338 425/1632/600 457/1633/341
f 466/826/351 424/1630/373 433/1631/334
f 466/826/351 433/1631/334 435/1634/322
f 461/1635/335 457/1633/341 473/824/349
f 473/824/349 466/826/351 454/1636/348
f 466/826/351 435/1634/322 442/1637/589
f 466/826/351 442/1637/589 454/1636/348
f 454/1636/348 461/1635/335 473/824/349
f 454/1636/348 442/1637/589 453/831/347
f 442/1637/589 437/1638/327 453/831/347
f 428/790/324 427/1612/591 465/1625/597
f 453/831/347 437/1638/327 428/790/324
f 428/790/324 465/1625/597 449/816/344
f 470/828/354 423/1639/601 456/1640/342
f 423/1639/601 459/1641/595 448/1642/339
f 423/1639/601 448/1642/339 456/1640/342
f 429/1643/329 431/1644/594 422/1645/602
f 432/1646/333 429/1643/329 422/1645/602
f 470/828/354 456/1640/342 462/1647/337
f 432/1646/333 422/1645/602 469/827/352
f 434/1648/323 432/1646/333 469/827/352
f 469/827/352 470/828/354 455/1649/336
f 470/828/354 462/1647/337 455/1649/336
f 441/1650/321 434/1648/323 469/827/352
f 441/1650/321 469/827/352 455/1649/336
f 441/1650/321 455/1649/336 452/1651/599
f 436/834/328 441/1650/321 452/1651/599
f 450/832/343 451/1652/598 426/833/325
f 451/1652/598 438/1653/590 426/833/325
f 436/834/328 452/1651/599 450/832/343
f 475/835/357 474/850/370 477/836/358
f 481/838/360 480/861/375 479/839/361
f 476/837/359 421/785/319 418/841/363
f 420/842/320 481/838/360 478/840/362
f 485/844/364 484/1654/371 483/845/365
f 487/847/367 486/860/374 489/848/368
f 474/850/370 483/1655/365 484/851/371
f 482/846/366 422/1645/602 431/1644/594
f 482/846/366 431/1644/594 444/1656/593
f 423/1639/601 485/844/364 459/1641/595
f 485/844/364 482/846/366 463/853/372
f 458/1657/340 485/844/364 463/853/372
f 458/1657/340 459/1641/595 485/844/364
f 438/1653/590 451/1652/598 463/853/372
f 440/852/326 438/1653/590 463/853/372
f 482/846/366 444/1656/593 440/852/326
f 424/855/373 466/1658/351 419/1659/318
f 466/1658/351 467/1660/350 419/1659/318
f 467/1660/350 468/1661/356 418/1662/363
f 468/1661/356 469/1663/352 418/1662/363
f 469/1663/352 422/1664/602 418/1662/363
f 422/1664/602 482/1665/366 475/1666/357
f 475/1666/357 482/1665/366 474/1667/370
f 482/1665/366 483/1668/365 474/1667/370
f 475/1666/357 418/1662/363 422/1664/602
f 418/1662/363 419/1659/318 467/1660/350
f 419/1659/318 478/856/362 424/855/373
f 478/856/362 479/1669/361 487/854/367
f 479/1669/361 486/1670/374 487/854/367
f 421/858/319 476/1671/359 423/1672/601
f 476/1671/359 477/1673/358 485/1674/364
f 423/1672/601 476/1671/359 485/1674/364
f 477/1673/358 484/1675/371 485/1674/364
f 423/1672/601 470/1676/354 421/858/319
f 470/1676/354 471/1677/353 421/858/319
f 471/1677/353 472/859/355 421/858/319
f 472/859/355 473/1678/349 420/857/320
f 473/1678/349 425/1679/600 420/857/320
f 425/1679/600 488/1680/369 481/1681/360
f 488/1680/369 489/1682/368 480/1683/375
f 481/1681/360 488/1680/369 480/1683/375
f 481/1681/360 420/857/320 425/1679/600
f 486/860/374 479/839/361 480/861/375
f 424/1630/373 487/1684/367 445/1615/592
f 487/1684/367 488/862/369 464/817/345
f 443/799/331 487/1684/367 439/800/332
f 488/862/369 425/1632/600 446/1622/596
f 488/862/369 446/1622/596 460/818/346
f 443/799/331 445/1615/592 487/1684/367
f 465/1625/597 427/1612/591 464/817/345
f 427/1612/591 439/800/332 464/817/345
f 439/800/332 487/1684/367 464/817/345
f 491/863/376 493/1685/379 492/864/377
f 493/866/379 495/1686/381 494/867/380
f 495/869/381 497/1687/383 496/870/382
f 495/872/381 517/921/161 518/873/163
f 497/875/383 499/1688/385 498/876/384
f 499/878/385 491/863/376 490/865/378
f 496/880/382 503/887/162 502/881/160
f 504/883/386 509/1689/394 508/884/387
f 498/886/384 504/891/386 503/887/162
f 492/888/377 494/882/380 502/881/160
f 498/886/384 490/892/378 500/890/389
f 492/888/377 501/889/388 500/890/389
f 508/884/387 509/1689/394 514/893/390
f 501/895/388 502/1690/160 507/896/392
f 500/898/389 505/905/395 509/899/394
f 503/901/162 508/911/387 507/902/392
f 501/904/388 506/1691/393 505/905/395
f 514/1692/390 510/907/396 513/906/391
f 510/907/396 511/1693/398 512/908/397
f 507/896/392 512/1694/397 511/909/398
f 505/905/395 510/914/396 514/910/390
f 508/911/387 513/1695/391 512/912/397
f 505/905/395 506/1691/393 511/913/398
f 518/915/163 523/1696/162 524/916/386
f 499/918/385 497/874/383 518/873/163
f 493/920/379 515/924/400 517/921/161
f 499/918/385 519/919/399 516/922/159
f 493/920/379 491/923/376 516/922/159
f 522/927/160 520/1697/388 521/925/157
f 521/925/157 524/1698/386 523/926/162
f 515/928/400 520/1699/388 522/929/160
f 516/931/159 519/1700/399 524/932/386
f 517/934/161 522/1065/160 523/935/162
f 516/931/159 521/933/157 520/937/388
f 526/939/401 528/1701/411 527/940/402
f 534/942/404 532/1702/407 531/943/405
f 532/945/407 530/1703/412 529/946/408
f 536/948/409 526/1704/401 525/949/403
f 531/951/405 529/1705/408 535/952/410
f 528/954/411 526/1706/401 536/955/409
f 534/956/404 536/955/409 530/957/412
f 533/953/406 535/952/410 525/959/403
f 529/961/408 530/1707/412 536/948/409
f 527/962/402 528/1708/411 534/942/404
f 601/963/413 597/1034/428 540/964/414
f 549/966/416 552/998/426 544/967/417
f 594/969/419 584/1037/427 542/970/420
f 553/972/422 556/992/430 538/973/423
f 594/975/419 541/1709/421 554/976/422
f 540/978/414 620/1014/19 642/979/425
f 544/981/417 635/1151/23 645/982/26
f 538/984/423 639/1148/432 643/985/20
f 542/987/420 622/1012/440 624/988/429
f 538/973/423 556/992/430 626/990/431
f 555/989/430 624/988/429 626/990/431
f 625/993/433 626/1710/431 624/994/429
f 544/967/417 552/998/426 638/996/435
f 551/980/426 642/979/425 638/996/435
f 588/999/43 553/1001/422 537/960/424
f 589/977/43 554/976/422 553/1001/422
f 542/987/420 555/989/430 554/1002/422
f 555/989/430 556/992/430 553/972/422
f 540/978/414 551/980/426 550/1004/436
f 551/980/426 552/998/426 549/966/416
f 651/1006/437 640/1711/441 634/1007/438
f 631/1009/437 632/1712/441 630/1010/438
f 622/1012/440 630/1713/438 632/1013/441
f 620/1014/19 628/1714/447 641/1015/442
f 626/990/431 634/1715/438 640/1016/441
f 638/996/435 637/1716/447 636/1017/442
f 655/1018/443 656/1046/446 654/1019/444
f 627/1021/443 652/1047/446 658/1022/444
f 607/1024/43 578/1039/43 577/1025/43
f 606/1026/43 577/1025/43 569/1027/413
f 649/1029/433 650/1048/433 648/1030/434
f 570/1032/428 644/1049/20 619/1033/20
f 572/1035/427 646/1066/26 621/1036/26
f 598/1038/419 571/1050/419 578/1039/43
f 602/983/427 572/1035/427 571/1040/419
f 593/986/428 570/1032/428 569/1042/413
f 538/984/423 593/986/428 583/1043/413
f 584/1037/427 621/1036/26 622/1045/440
f 656/1046/446 631/1009/437 629/1011/439
f 652/1047/446 651/1006/437 633/1008/439
f 578/1039/43 589/977/43 588/999/43
f 577/1025/43 588/999/43 583/1000/413
f 650/1048/433 625/993/433 623/995/434
f 593/986/428 643/985/20 644/1049/20
f 571/1050/419 594/975/419 589/977/43
f 571/1040/419 572/1035/427 584/1037/427
f 544/981/417 602/983/427 598/1041/419
f 543/1052/418 598/1038/419 607/1024/43
f 597/1034/428 619/1033/20 620/1054/19
f 642/1055/425 649/1029/433 647/1031/434
f 550/1057/436 606/1026/43 601/1028/413
f 549/1053/416 607/1024/43 606/1026/43
f 628/1059/447 627/1021/443 657/1023/445
f 637/1061/447 655/1018/443 653/1020/445
f 548/1063/448 585/1157/460 586/1064/449
f 602/983/427 645/982/26 646/1066/26
f 569/1042/413 570/1032/428 597/1034/428
f 612/1067/451 614/1717/454 613/1068/452
f 614/1070/454 618/1718/456 617/1071/455
f 618/1073/456 616/1719/458 615/1074/457
f 616/1076/458 612/1720/451 611/1077/453
f 617/1079/455 615/1721/457 611/1080/453
f 614/1082/454 612/1204/451 616/1083/458
f 599/1085/459 546/1116/467 620/1054/19
f 585/1086/460 548/1108/448 622/1045/440
f 586/1087/449 623/1143/434 624/1088/429
f 587/1090/460 560/1120/448 626/1091/431
f 562/1093/461 600/1150/475 627/1094/443
f 565/1096/462 590/1145/476 629/1097/439
f 568/1099/463 632/1109/441 631/1100/437
f 566/1102/462 592/1147/476 633/1103/439
f 547/1105/465 635/1151/23 636/1106/442
f 548/1108/448 565/1096/462 630/1098/438
f 559/1089/450 624/1088/429 632/1109/441
f 558/1110/467 563/1155/461 637/1111/447
f 545/1113/450 639/1148/432 640/1114/441
f 546/1116/467 562/1093/461 628/1095/447
f 557/1117/465 642/1153/425 641/1118/442
f 560/1120/448 566/1102/462 634/1104/438
f 573/1121/469 644/1049/20 643/985/20
f 574/1123/470 646/1066/26 645/982/26
f 575/1125/469 604/1152/459 647/1126/434
f 576/1128/470 650/1144/433 649/1129/433
f 596/1131/464 651/1149/437 652/1132/446
f 608/1134/473 653/1154/445 654/1135/444
f 609/1137/475 581/1146/472 656/1138/446
f 610/1140/473 657/1156/445 658/1141/444
f 574/1123/470 585/1086/460 621/1036/26
f 575/1125/469 648/1127/434 623/1143/434
f 576/1128/470 587/1090/460 625/1092/433
f 590/1145/476 580/1136/474 654/1135/444
f 591/1101/464 631/1100/437 656/1138/446
f 592/1147/476 582/1142/474 658/1141/444
f 595/1122/449 643/985/20 639/1148/432
f 561/1115/463 640/1114/441 651/1149/437
f 573/1121/469 599/1085/459 619/1033/20
f 600/1150/475 579/1133/472 652/1132/446
f 603/1124/471 645/982/26 635/1151/23
f 604/1152/459 558/1110/467 638/1112/435
f 605/1130/471 649/1129/433 642/1153/425
f 564/1107/466 636/1106/442 653/1154/445
f 563/1155/461 609/1137/475 655/1139/443
f 567/1119/468 641/1118/442 657/1156/445
f 585/1157/460 574/1160/470 575/1158/469
f 603/1159/471 604/1162/459 575/1158/469
f 547/1161/465 558/1722/467 604/1162/459
f 564/1163/466 563/1723/461 558/1164/467
f 609/1166/475 563/1724/461 564/1167/466
f 581/1169/472 609/1166/475 608/1168/473
f 591/1171/464 581/1169/472 580/1170/474
f 568/1173/463 591/1171/464 590/1172/476
f 568/1175/463 565/1725/462 548/1176/448
f 605/1178/471 557/1726/465 546/1179/467
f 599/1180/459 573/1183/469 576/1181/470
f 587/1182/460 576/1181/470 573/1183/469
f 595/1184/449 545/1727/450 560/1185/448
f 566/1077/462 560/1728/448 545/1186/450
f 566/1188/462 561/1729/463 596/1189/464
f 579/1191/472 582/1192/474 592/1190/476
f 582/1192/474 579/1191/472 600/1193/475
f 562/1195/461 567/1730/468 610/1194/473
f 557/1196/465 567/1731/468 562/1197/461
f 660/1199/477 662/1732/480 661/1200/478
f 662/1202/480 664/1733/482 663/1203/481
f 664/1205/482 666/1734/486 665/1206/483
f 668/1208/484 666/1228/486 672/1209/170
f 666/1211/486 668/1735/484 667/1212/487
f 668/1214/484 660/1199/477 659/1201/479
f 661/1216/478 663/1251/481 681/1217/168
f 669/1219/488 670/1239/491 675/1220/489
f 662/1222/480 669/1227/488 671/1223/169
f 668/1208/484 673/1210/485 670/1225/491
f 662/1222/480 660/1226/477 670/1225/491
f 664/1224/482 671/1223/169 672/1209/170
f 676/1231/168 674/1736/490 675/1229/489
f 675/1229/489 678/1737/492 677/1230/174
f 672/1232/170 677/1738/174 678/1233/492
f 671/1235/169 669/1739/488 674/1236/490
f 673/1238/485 678/1740/492 675/1220/489
f 671/1240/169 676/1741/168 677/1241/174
f 682/1243/174 687/1742/170 686/1244/169
f 667/1246/487 659/1249/479 679/1247/489
f 661/1216/478 680/1218/179 679/1247/489
f 665/1250/483 682/1252/174 681/1217/168
f 667/1246/487 683/1248/492 682/1252/174
f 688/1743/175 684/1254/491 687/1253/170
f 684/1254/491 685/1744/166 686/1255/169
f 680/1256/179 685/1745/166 684/1257/491
f 683/1259/492 688/1711/175 687/1260/170
f 681/1262/168 686/1746/169 685/1044/166
f 679/1258/489 684/1257/491 688/1264/175
f 689/1266/493 690/1747/501 692/1267/494
f 692/1267/494 694/1748/497 693/1269/496
f 694/1270/497 696/1273/499 695/1271/498
f 696/1273/499 698/1749/502 697/1274/500
f 694/1276/497 692/1750/494 690/1277/501
f 690/1277/501 700/1751/504 698/1752/502
f 698/1752/502 696/1275/499 690/1277/501
f 698/1278/502 700/1753/504 699/1279/503
f 700/1281/504 690/1747/501 689/1266/493
f 699/1285/503 689/1275/493 695/1283/498
f 689/1275/493 691/1754/495 695/1283/498
f 691/1754/495 693/1755/496 695/1283/498
f 702/1286/505 704/1756/508 714/1287/506
f 704/1289/508 706/1757/510 715/1290/509
f 706/1292/510 708/1295/512 716/1293/511
f 708/1295/512 710/1302/514 717/1296/513
f 706/1298/510 704/1758/508 702/1299/505
f 702/1299/505 712/1759/516 710/1760/514
f 710/1760/514 708/1297/512 702/1299/505
f 710/1300/514 712/1289/516 718/1291/515
f 712/1302/516 702/1286/505 713/1288/507
f 703/1303/517 720/1761/506 719/1304/507
f 703/1306/517 701/1317/518 713/1307/507
f 705/1309/519 703/1306/517 714/1308/506
f 705/1309/519 715/1310/509 716/1311/511
f 707/1312/520 716/1311/511 717/1313/513
f 709/1314/521 717/1313/513 718/1315/515
f 711/1316/522 718/1315/515 713/1307/507
f 724/1320/523 719/1762/507 720/1318/506
f 720/1318/506 721/1763/509 722/1319/511
f 722/1319/511 723/1764/513 724/1320/523
f 701/1305/518 719/1304/507 724/1321/523
f 709/1322/521 723/1321/513 722/1323/511
f 705/1325/519 721/1329/509 720/1326/506
f 711/1328/522 724/1765/523 723/1329/513
f 707/1324/520 722/1323/511 721/1330/509
s 0
f 726/1332/524 728/1766/524 727/1333/524
f 727/1335/21 728/1767/21 732/1336/21
f 732/1338/525 730/1346/525 729/1339/525
f 730/1335/526 726/1768/526 725/1341/526
f 731/1343/527 729/1769/527 725/1334/527
f 728/1345/528 726/1343/528 730/1346/528
s 1
f 738/1347/45 735/1770/584 733/1348/51
f 736/1350/529 738/1347/45 737/1349/53
f 768/1364/539 767/1395/560 770/1365/540
f 740/1367/542 739/1771/557 742/1368/543
f 758/1370/536 757/1392/535 761/1371/538
f 752/1373/532 751/1394/531 755/1374/534
f 748/1376/545 747/1390/559 750/1377/546
f 764/1379/548 763/1772/561 766/1380/549
f 746/1382/551 745/1389/558 744/1383/552
f 773/1385/554 772/1397/562 771/1386/555
f 741/1369/544 746/1382/551 743/1384/553
f 754/1375/533 742/1773/543 739/1388/557
f 745/1389/558 750/1377/546 747/1390/559
f 749/1391/547 761/1371/538 757/1392/535
f 765/1381/550 755/1374/534 751/1394/531
f 760/1372/537 770/1365/540 767/1395/560
f 773/1385/554 766/1774/549 763/1396/561
f 769/1398/541 774/1387/556 771/1386/555
f 779/1412/566 778/1459/565 776/1413/564
f 785/1415/570 784/1448/569 782/1416/568
f 788/1418/571 787/1775/574 790/1419/572
f 790/1419/572 787/1775/574 779/1421/566
f 790/1776/572 775/1400/563 740/1777/542
f 775/1400/563 777/1402/21 739/1778/557
f 740/1777/542 775/1400/563 739/1778/557
f 777/1402/21 753/1354/21 739/1778/557
f 753/1354/21 752/1353/532 739/1778/557
f 789/1425/573 790/1776/572 743/1423/553
f 743/1423/553 790/1776/572 740/1777/542
f 786/1411/21 785/1410/570 748/1779/545
f 785/1410/570 789/1425/573 747/1780/559
f 748/1779/545 785/1410/570 747/1780/559
f 757/1358/535 759/1360/21 748/1779/545
f 759/1360/21 786/1411/21 748/1779/545
f 744/1424/552 747/1780/559 789/1425/573
f 788/1781/571 781/1406/567 750/1782/546
f 781/1406/567 783/1408/526 749/1783/547
f 750/1782/546 781/1406/567 749/1783/547
f 783/1408/526 762/1363/526 749/1783/547
f 762/1363/526 761/1362/538 749/1783/547
f 787/1428/574 788/1781/571 745/1426/558
f 745/1426/558 788/1781/571 750/1782/546
f 780/1405/526 779/1404/566 742/1784/543
f 779/1404/566 787/1428/574 741/1785/544
f 742/1784/543 779/1404/566 741/1785/544
f 754/1355/533 756/1357/526 742/1784/543
f 756/1357/526 780/1405/526 742/1784/543
f 746/1427/551 741/1785/544 787/1428/574
f 785/1429/570 781/1786/567 788/1418/571
f 795/1436/577 794/1787/603 801/1437/578
f 797/1439/576 796/1788/440 803/1440/580
f 791/1442/575 802/1438/579 801/1437/578
f 799/1444/582 804/1441/581 803/1440/580
f 792/1443/432 801/1437/578 737/1446/53
f 791/1442/575 782/1416/568 784/1448/569
f 733/1449/51 735/1789/584 798/1435/526
f 735/1789/584 796/1433/440 798/1435/526
f 798/1435/526 793/1432/526 733/1449/51
f 782/1407/568 791/1430/575 762/1363/526
f 791/1430/575 793/1432/526 770/1790/540
f 762/1363/526 791/1430/575 760/1361/537
f 793/1432/526 798/1435/526 774/1450/556
f 798/1435/526 797/1434/576 765/1791/550
f 774/1450/556 798/1435/526 773/1792/554
f 797/1434/576 778/1403/565 756/1357/526
f 778/1403/565 780/1405/526 756/1357/526
f 783/1408/526 782/1407/568 762/1363/526
f 760/1361/537 791/1430/575 770/1790/540
f 797/1434/576 756/1357/526 755/1356/534
f 797/1434/576 755/1356/534 765/1791/550
f 765/1791/550 766/1793/549 798/1435/526
f 766/1793/549 773/1792/554 798/1435/526
f 769/1451/541 770/1790/540 793/1432/526
f 795/1452/577 802/1794/579 804/1453/581
f 801/1437/578 794/1787/603 734/1455/530
f 736/1458/529 734/1795/530 795/1796/577
f 734/1795/530 794/1797/603 795/1796/577
f 795/1796/577 799/1456/582 736/1458/529
f 797/1439/576 804/1441/581 776/1413/564
f 803/1440/580 796/1788/440 735/1460/584
f 800/1445/583 803/1440/580 738/1446/45
f 802/1462/579 784/1409/569 759/1360/21
f 784/1409/569 786/1411/21 759/1360/21
f 777/1402/21 776/1401/564 753/1354/21
f 776/1401/564 804/1461/581 753/1354/21
f 802/1462/579 759/1360/21 758/1359/536
f 802/1462/579 758/1359/536 767/1798/560
f 751/1352/531 753/1354/21 804/1461/581
f 764/1799/548 751/1352/531 804/1461/581
f 802/1462/579 767/1798/560 768/1800/539
f 802/1462/579 768/1800/539 771/1801/555
f 763/1802/561 764/1799/548 804/1461/581
f 802/1462/579 771/1801/555 772/1463/562
f 772/1463/562 763/1802/561 804/1461/581
